id_evento,nombre_evento,url_evento,codigo_postal,direccion,horario,fecha_inicio,fecha_fin,organizacion,id_ciudad
1,25º aniversario de la revista La Fragua,http://www.madrid.es/sites/v/index.jsp?vgnextchannel=ca9671ee4a9eb410VgnVCM100000171f5a0aRCRD&vgnextoid=1ea220bed10d4910VgnVCM2000001f4a900aRCRD,28005,CALLE SAN JUSTO 5,,2025-02-24,2025-03-02,Biblioteca Pública Municipal Iván de Vargas (Centro),1
2,60 Premio Reina Sofía de Pintura y Escultura,http://www.madrid.es/sites/v/index.jsp?vgnextchannel=ca9671ee4a9eb410VgnVCM100000171f5a0aRCRD&vgnextoid=34c5130393e15910VgnVCM2000001f4a900aRCRD,28009,PASEO COLOMBIA 1,,2025-02-27,2025-03-23,Centro Cultural Casa de Vacas (Retiro),1
3,A toda vela,http://www.madrid.es/sites/v/index.jsp?vgnextchannel=ca9671ee4a9eb410VgnVCM100000171f5a0aRCRD&vgnextoid=59d5e7da8b822910VgnVCM1000001d4a900aRCRD,28045,PLAZA LEGAZPI 8,,2024-10-01,2025-06-01,Matadero Madrid,1
4,Acompañamiento digital a personas mayores,http://www.madrid.es/sites/v/index.jsp?vgnextchannel=ca9671ee4a9eb410VgnVCM100000171f5a0aRCRD&vgnextoid=5b58d89ad2232910VgnVCM2000001f4a900aRCRD,0,,,2024-10-14,2025-06-30,,1
5,Acompañar en la pérdida,http://www.madrid.es/sites/v/index.jsp?vgnextchannel=ca9671ee4a9eb410VgnVCM100000171f5a0aRCRD&vgnextoid=197023e4c84d3910VgnVCM2000001f4a900aRCRD,28029,AVENIDA MONFORTE DE LEMOS 38,17:00,2025-01-14,2025-06-17,Biblioteca Pública Municipal José Saramago (Fuencarral-El Pardo),1
6,Activas en compañía: gimnasia de mantenimiento,http://www.madrid.es/sites/v/index.jsp?vgnextchannel=ca9671ee4a9eb410VgnVCM100000171f5a0aRCRD&vgnextoid=f93102b68bf54910VgnVCM2000001f4a900aRCRD,28022,PLAZA EURIPIDES 1,12:00,2025-01-13,2025-03-31,Espacio de Igualdad Lucía Sánchez Saornil. San Blas-Canillejas,1
7,Actividades mensuales de los centros de mayores del distrito Hortaleza,http://www.madrid.es/sites/v/index.jsp?vgnextchannel=ca9671ee4a9eb410VgnVCM100000171f5a0aRCRD&vgnextoid=315479485bdeb810VgnVCM1000001d4a900aRCRD,0,,,2024-02-01,2025-07-13,,1
8,Almudena Lobera. Secuencia Plano Secuencia,http://www.madrid.es/sites/v/index.jsp?vgnextchannel=ca9671ee4a9eb410VgnVCM100000171f5a0aRCRD&vgnextoid=6f9e11c990735910VgnVCM1000001d4a900aRCRD,28014,PLAZA CIBELES 1,,2025-02-13,2025-06-08,CentroCentro,1
9,Amantes de las series,http://www.madrid.es/sites/v/index.jsp?vgnextchannel=ca9671ee4a9eb410VgnVCM100000171f5a0aRCRD&vgnextoid=fab111c60bad4910VgnVCM2000001f4a900aRCRD,28045,PASEO CHOPERA 10,17:30,2025-02-19,2025-03-12,Espacio de Igualdad Juana Doña. Arganzuela,1
10,Andrea Canepa «Wasi qaymi (Lugar y tacto)»,http://www.madrid.es/sites/v/index.jsp?vgnextchannel=ca9671ee4a9eb410VgnVCM100000171f5a0aRCRD&vgnextoid=45f102a2fa0e1910VgnVCM1000001d4a900aRCRD,28015,CALLE CONDE DUQUE 9,,2025-02-28,2025-05-18,Centro de Cultura Contemporánea Conde Duque,1
11,Apoyo a la autonomía,http://www.madrid.es/sites/v/index.jsp?vgnextchannel=ca9671ee4a9eb410VgnVCM100000171f5a0aRCRD&vgnextoid=1e67f7a45c701910VgnVCM1000001d4a900aRCRD,0,,,2024-09-13,2025-06-20,,1
12,Artemisia. La magia de la luna,http://www.madrid.es/sites/v/index.jsp?vgnextchannel=ca9671ee4a9eb410VgnVCM100000171f5a0aRCRD&vgnextoid=91dbd257d6d70910VgnVCM1000001d4a900aRCRD,28045,AVENIDA PLANETARIO 16,18:00,2024-07-16,2025-12-28,Planetario de Madrid,1
13,Artificios teatrales. La escena musical de los felices veinte,http://www.madrid.es/sites/v/index.jsp?vgnextchannel=ca9671ee4a9eb410VgnVCM100000171f5a0aRCRD&vgnextoid=6ed5f65f96c83910VgnVCM1000001d4a900aRCRD,28015,CALLE AMANIEL 29,,2024-10-16,2025-03-08,Centro Cultural Clara del Rey - Museo ABC (Centro),1
14,ArTrics - Laboratorio de Creación 2024/25,http://www.madrid.es/sites/v/index.jsp?vgnextchannel=ca9671ee4a9eb410VgnVCM100000171f5a0aRCRD&vgnextoid=7ae9c00a26e12910VgnVCM1000001d4a900aRCRD,0,,,2024-10-01,2025-07-31,,1
15,Asalto a la lectura. Tres cerditos y más,http://www.madrid.es/sites/v/index.jsp?vgnextchannel=ca9671ee4a9eb410VgnVCM100000171f5a0aRCRD&vgnextoid=6aec3e3332fe4910VgnVCM1000001d4a900aRCRD,28015,CALLE AMANIEL 29,11:00,2025-03-01,2025-03-01,Centro Cultural Clara del Rey - Museo ABC (Centro),1
16,Asombro,http://www.madrid.es/sites/v/index.jsp?vgnextchannel=ca9671ee4a9eb410VgnVCM100000171f5a0aRCRD&vgnextoid=85b965d37f624910VgnVCM1000001d4a900aRCRD,28045,PLAZA LEGAZPI 8,,2025-01-18,2025-03-23,Matadero Madrid,1
17,Atlantiques + Dahomey,http://www.madrid.es/sites/v/index.jsp?vgnextchannel=ca9671ee4a9eb410VgnVCM100000171f5a0aRCRD&vgnextoid=3b9464926f415910VgnVCM1000001d4a900aRCRD,28045,PLAZA LEGAZPI 8,19:30,2025-03-01,2025-03-01,Cineteca Madrid,1
18,Baile de Carnaval. Concierto de Origen,http://www.madrid.es/sites/v/index.jsp?vgnextchannel=ca9671ee4a9eb410VgnVCM100000171f5a0aRCRD&vgnextoid=1551fcf4aade4910VgnVCM2000001f4a900aRCRD,0,,19:30,2025-03-01,2025-03-01,,1
19,Baile de Carnaval. Concierto de Versioneta,http://www.madrid.es/sites/v/index.jsp?vgnextchannel=ca9671ee4a9eb410VgnVCM100000171f5a0aRCRD&vgnextoid=ae02fcf4aade4910VgnVCM2000001f4a900aRCRD,0,,21:15,2025-03-01,2025-03-01,,1
20,Baile de Mayores en Centro Cultural Almirante Churruca,http://www.madrid.es/sites/v/index.jsp?vgnextchannel=ca9671ee4a9eb410VgnVCM100000171f5a0aRCRD&vgnextoid=beaf2f9cb66d1610VgnVCM2000001f4a900aRCRD,28024,CALLE FUENTE DEL TIRO 72,16:30,2024-10-04,2025-06-27,Centro Sociocultural Almirante Churruca (Latina),1
21,Baile de Mayores en Centro Sociocultural El Greco,http://www.madrid.es/sites/v/index.jsp?vgnextchannel=ca9671ee4a9eb410VgnVCM100000171f5a0aRCRD&vgnextoid=77922f9cb66d1610VgnVCM2000001f4a900aRCRD,28011,CALLE EL GRECO 29,18:00,2024-10-03,2025-06-26,Centro Sociocultural El Greco (Latina),1
22,Beethoven. Del corazón al corazón,http://www.madrid.es/sites/v/index.jsp?vgnextchannel=ca9671ee4a9eb410VgnVCM100000171f5a0aRCRD&vgnextoid=3cd9168eeb173910VgnVCM1000001d4a900aRCRD,28014,CALLE ALAMEDA 15,,2024-12-03,2025-03-30,Espacio Cultural Serrería Belga,1
23,Biblioajedrez,http://www.madrid.es/sites/v/index.jsp?vgnextchannel=ca9671ee4a9eb410VgnVCM100000171f5a0aRCRD&vgnextoid=37340defdf5e1910VgnVCM2000001f4a900aRCRD,28024,CALLE GRANJA DE TORREHERMOSA 1,18:00,2024-09-30,2025-05-26,Biblioteca Pública Municipal Ángel González (Latina),1
24,Bodegones y Madrid,http://www.madrid.es/sites/v/index.jsp?vgnextchannel=ca9671ee4a9eb410VgnVCM100000171f5a0aRCRD&vgnextoid=a903ec7bdcf54910VgnVCM1000001d4a900aRCRD,28022,CALLE FEBRERO 4,,2025-02-01,2025-03-31,Centro Cultural José Luis López Vázquez (San Blas - Canillejas),1
25,By Lucipun ' Muladar creativo',http://www.madrid.es/sites/v/index.jsp?vgnextchannel=ca9671ee4a9eb410VgnVCM100000171f5a0aRCRD&vgnextoid=32d3ef5066735910VgnVCM2000001f4a900aRCRD,28001,CALLE NUÑEZ DE BALBOA 40,,2025-03-01,2025-03-21,"Espacio Cultural Núñez de Balboa, 40 (Salamanca)",1
26,Caminamos juntas,http://www.madrid.es/sites/v/index.jsp?vgnextchannel=ca9671ee4a9eb410VgnVCM100000171f5a0aRCRD&vgnextoid=a54e02b68bf54910VgnVCM2000001f4a900aRCRD,28022,PLAZA EURIPIDES 1,10:30,2025-01-07,2025-03-25,Espacio de Igualdad Lucía Sánchez Saornil. San Blas-Canillejas,1
27,Camino hacia la autonomía financiera,http://www.madrid.es/sites/v/index.jsp?vgnextchannel=ca9671ee4a9eb410VgnVCM100000171f5a0aRCRD&vgnextoid=8b24e4778bbc4910VgnVCM2000001f4a900aRCRD,28045,PASEO CHOPERA 10,10:30,2025-02-12,2025-03-05,Espacio de Igualdad Juana Doña. Arganzuela,1
28,Campamento de carnaval y fiestas del mundo,http://www.madrid.es/sites/v/index.jsp?vgnextchannel=ca9671ee4a9eb410VgnVCM100000171f5a0aRCRD&vgnextoid=c61c239147bd4910VgnVCM2000001f4a900aRCRD,28028,CALLE BOSTON 3,,2025-02-28,2025-03-03,Colegio Público Guindalera,1
29,Campamentos urbanos Días sin cole. Distrito San Blas - Canillejas,http://www.madrid.es/sites/v/index.jsp?vgnextchannel=ca9671ee4a9eb410VgnVCM100000171f5a0aRCRD&vgnextoid=7859110d84384910VgnVCM2000001f4a900aRCRD,28022,AVENIDA CANILLEJAS A VICALVARO 56,,2025-02-28,2025-03-03,Colegio Público Alberto Alcocer,1
30,Caperucita camina sola,http://www.madrid.es/sites/v/index.jsp?vgnextchannel=ca9671ee4a9eb410VgnVCM100000171f5a0aRCRD&vgnextoid=1166d242f8884910VgnVCM2000001f4a900aRCRD,0,,,2025-02-20,2025-03-09,,1
31,Carnaval en familia. Espectáculo familiar. Carnaval en la pista de circo,http://www.madrid.es/sites/v/index.jsp?vgnextchannel=ca9671ee4a9eb410VgnVCM100000171f5a0aRCRD&vgnextoid=2d22157fd8e15910VgnVCM1000001d4a900aRCRD,28042,CALLE BOTICA 7,12:30,2025-03-01,2025-03-01,Centro Cultural - Centro Socio Cultural Villa de Barajas,1
32,Carnaval en Matadero,http://www.madrid.es/sites/v/index.jsp?vgnextchannel=ca9671ee4a9eb410VgnVCM100000171f5a0aRCRD&vgnextoid=38950d5a68815910VgnVCM2000001f4a900aRCRD,28045,PLAZA LEGAZPI 8,10:30,2025-03-01,2025-03-01,Matadero Madrid,1
33,Centro de Interpretación del Paisaje de la Luz,http://www.madrid.es/sites/v/index.jsp?vgnextchannel=ca9671ee4a9eb410VgnVCM100000171f5a0aRCRD&vgnextoid=842dc5eb8e915810VgnVCM1000001d4a900aRCRD,28014,PLAZA CIBELES 1,,2022-12-14,2026-01-14,CentroCentro,1
34,Chatines: club de lectura infantil,http://www.madrid.es/sites/v/index.jsp?vgnextchannel=ca9671ee4a9eb410VgnVCM100000171f5a0aRCRD&vgnextoid=146e23279fad4910VgnVCM1000001d4a900aRCRD,28036,CALLE MANUEL FERRERO 1,17:30,2025-02-27,2025-06-19,Biblioteca Pública Municipal Dámaso Alonso (Chamartín),1
35,Chup-Chup,http://www.madrid.es/sites/v/index.jsp?vgnextchannel=ca9671ee4a9eb410VgnVCM100000171f5a0aRCRD&vgnextoid=e4cc2c84ecd15910VgnVCM2000001f4a900aRCRD,28022,CALLE FEBRERO 4,19:00,2025-03-01,2025-03-01,Centro Cultural José Luis López Vázquez (San Blas - Canillejas),1
36,Ciclismo por Madrid,http://www.madrid.es/sites/v/index.jsp?vgnextchannel=ca9671ee4a9eb410VgnVCM100000171f5a0aRCRD&vgnextoid=db40e3f0c91ea710VgnVCM2000001f4a900aRCRD,0,,00:00,2024-09-01,2025-06-30,,1
37,"CICLO BEBÉS. La compañía CamelCat Producciones, presenta 'Baby cuentos'",http://www.madrid.es/sites/v/index.jsp?vgnextchannel=ca9671ee4a9eb410VgnVCM100000171f5a0aRCRD&vgnextoid=5e1bb8d9a2825910VgnVCM1000001d4a900aRCRD,28037,CALLE HERMANOS GARCIA NOBLEJAS 14,,2025-03-01,2025-03-01,Centro Cultural Príncipe de Asturias (Ciudad Lineal),1
38,Cine familiar,http://www.madrid.es/sites/v/index.jsp?vgnextchannel=ca9671ee4a9eb410VgnVCM100000171f5a0aRCRD&vgnextoid=d4fd2e979f0a0910VgnVCM2000001f4a900aRCRD,28045,PLAZA LEGAZPI 8,,2024-09-15,2025-06-29,Cineteca Madrid,1
39,Círculo de ciudadanos,http://www.madrid.es/sites/v/index.jsp?vgnextchannel=ca9671ee4a9eb410VgnVCM100000171f5a0aRCRD&vgnextoid=ba197bfae6da4910VgnVCM2000001f4a900aRCRD,28029,AVENIDA MONFORTE DE LEMOS 38,17:00,2025-02-11,2025-12-16,Biblioteca Pública Municipal José Saramago (Fuencarral-El Pardo),1
40,Clara Torres Morenilla,http://www.madrid.es/sites/v/index.jsp?vgnextchannel=ca9671ee4a9eb410VgnVCM100000171f5a0aRCRD&vgnextoid=d25a6e29da735910VgnVCM2000001f4a900aRCRD,28028,CALLE ENRIQUE D'ALMONTE 1,,2025-03-01,2025-03-15,Centro Cultural Quinta del Berro - Rafael Altamira (Salamanca),1
41,Clases de árabe para niños,http://www.madrid.es/sites/v/index.jsp?vgnextchannel=ca9671ee4a9eb410VgnVCM100000171f5a0aRCRD&vgnextoid=60ceedb3e8133910VgnVCM1000001d4a900aRCRD,28041,AVENIDA SAN FERMIN 10,18:00,2024-12-13,2025-05-30,Biblioteca Pública Municipal San Fermín (Usera),1
42,Club de lectura,http://www.madrid.es/sites/v/index.jsp?vgnextchannel=ca9671ee4a9eb410VgnVCM100000171f5a0aRCRD&vgnextoid=4b66106762794910VgnVCM1000001d4a900aRCRD,28037,CALLE SAN ROMAN DEL VALLE 8,11:00,2024-09-25,2025-06-04,Biblioteca Pública Municipal San Blas (San Blas-Canillejas),1
43,Club de lectura,http://www.madrid.es/sites/v/index.jsp?vgnextchannel=ca9671ee4a9eb410VgnVCM100000171f5a0aRCRD&vgnextoid=e1b3ae3a19a23910VgnVCM1000001d4a900aRCRD,28025,CALLE GENERAL RICARDOS 252,12:00,2024-11-04,2025-06-16,Biblioteca Pública Municipal La Chata (Carabanchel),1
44,Club de lectura,http://www.madrid.es/sites/v/index.jsp?vgnextchannel=ca9671ee4a9eb410VgnVCM100000171f5a0aRCRD&vgnextoid=a0fd177728c21910VgnVCM2000001f4a900aRCRD,28053,CALLE PUERTO DEL MONASTERIO 1,10:00,2024-09-27,2025-06-13,Biblioteca Pública Municipal Vallecas (Puente de Vallecas),1
45,Club de lectura de novela gráfica. Premios Nacionales de cómic,http://www.madrid.es/sites/v/index.jsp?vgnextchannel=ca9671ee4a9eb410VgnVCM100000171f5a0aRCRD&vgnextoid=f5210dae9a6da810VgnVCM2000001f4a900aRCRD,28039,CALLE FRANCOS RODRIGUEZ 67,14:45,2024-09-24,2025-05-27,Biblioteca Pública Municipal Manuel Vázquez Montalbán (Tetuán),1
46,Club de lectura en BPM María Zambrano,http://www.madrid.es/sites/v/index.jsp?vgnextchannel=ca9671ee4a9eb410VgnVCM100000171f5a0aRCRD&vgnextoid=f6dc84c649ef4910VgnVCM2000001f4a900aRCRD,28029,PLAZA DONOSO 5,11:00,2025-02-19,2025-06-25,Biblioteca Pública Municipal María Zambrano (Tetuán),1
47,Club de lectura en inglés 'Reading Club',http://www.madrid.es/sites/v/index.jsp?vgnextchannel=ca9671ee4a9eb410VgnVCM100000171f5a0aRCRD&vgnextoid=dc99b2481b1e1910VgnVCM2000001f4a900aRCRD,28002,CALLE MANTUANO 51,19:00,2024-10-08,2025-04-29,Biblioteca Pública Municipal Francisco Ibáñez (Chamartín),1
48,Club de lectura en inglés 'Reading Club',http://www.madrid.es/sites/v/index.jsp?vgnextchannel=ca9671ee4a9eb410VgnVCM100000171f5a0aRCRD&vgnextoid=663cb2481b1e1910VgnVCM2000001f4a900aRCRD,28022,CALLE MARIA SEVILLA DIAGO 15,19:00,2024-10-08,2025-04-29,Biblioteca Pública Municipal José Hierro (San Blas-Canillejas),1
49,Club de lectura en inglés 'Reading Club',http://www.madrid.es/sites/v/index.jsp?vgnextchannel=ca9671ee4a9eb410VgnVCM100000171f5a0aRCRD&vgnextoid=64c2b01c7d402910VgnVCM1000001d4a900aRCRD,28005,CALLE SAN JUSTO 5,19:00,2024-10-08,2025-04-29,Biblioteca Pública Municipal Iván de Vargas (Centro),1
50,Club de lectura en inglés 'Reading Club',http://www.madrid.es/sites/v/index.jsp?vgnextchannel=ca9671ee4a9eb410VgnVCM100000171f5a0aRCRD&vgnextoid=4e37c32aae520910VgnVCM2000001f4a900aRCRD,28004,CALLE BARCELO 4,19:00,2024-10-07,2025-04-28,Biblioteca Pública Municipal Mario Vargas Llosa (Centro),1
51,Club de lectura Naomi Klein,http://www.madrid.es/sites/v/index.jsp?vgnextchannel=ca9671ee4a9eb410VgnVCM100000171f5a0aRCRD&vgnextoid=342b3a03802e2910VgnVCM1000001d4a900aRCRD,28005,CALLE SAN JUSTO 5,19:00,2025-01-29,2025-05-28,Biblioteca Pública Municipal Iván de Vargas (Centro),1
52,Club de lectura 'Amigas de las letras'. Espacio de Igualdad Carme Chacón,http://www.madrid.es/sites/v/index.jsp?vgnextchannel=ca9671ee4a9eb410VgnVCM100000171f5a0aRCRD&vgnextoid=9da8470052eb2910VgnVCM2000001f4a900aRCRD,28043,CALLE MATAPOZUELOS 2,17:00,2025-01-09,2025-03-27,Espacio de Igualdad Carme Chacón. Hortaleza,1
53,Club de lectura 'Veinte deseos',http://www.madrid.es/sites/v/index.jsp?vgnextchannel=ca9671ee4a9eb410VgnVCM100000171f5a0aRCRD&vgnextoid=b75aa37147a02910VgnVCM2000001f4a900aRCRD,28022,CALLE MARIA SEVILLA DIAGO 15,19:00,2024-10-02,2025-06-25,Biblioteca Pública Municipal José Hierro (San Blas-Canillejas),1
54,Club de lectura (infantil),http://www.madrid.es/sites/v/index.jsp?vgnextchannel=ca9671ee4a9eb410VgnVCM100000171f5a0aRCRD&vgnextoid=6304ee4e073b2910VgnVCM1000001d4a900aRCRD,28041,AVENIDA SAN FERMIN 10,18:00,2024-10-02,2025-06-18,Biblioteca Pública Municipal San Fermín (Usera),1
55,Club de lectura (infantil),http://www.madrid.es/sites/v/index.jsp?vgnextchannel=ca9671ee4a9eb410VgnVCM100000171f5a0aRCRD&vgnextoid=0c4bf9ea99e61910VgnVCM2000001f4a900aRCRD,28028,AVENIDA TOREROS 5,18:00,2024-09-30,2025-06-09,Biblioteca Pública Municipal David Gistau (Salamanca),1
56,Club de lectura (infantil),http://www.madrid.es/sites/v/index.jsp?vgnextchannel=ca9671ee4a9eb410VgnVCM100000171f5a0aRCRD&vgnextoid=03cbf9ea99e61910VgnVCM2000001f4a900aRCRD,28050,CALLE PRINCESA DE EBOLI 29,18:00,2024-10-24,2025-06-19,Biblioteca Pública Municipal María Lejárraga (Hortaleza),1
57,Club de lectura. Retiro,http://www.madrid.es/sites/v/index.jsp?vgnextchannel=ca9671ee4a9eb410VgnVCM100000171f5a0aRCRD&vgnextoid=d5e34dbe8f624910VgnVCM2000001f4a900aRCRD,28007,PLAZA DAOIZ Y VELARDE 2,18:00,2025-01-16,2025-05-29,Centro Sociocultural Clara Campoamor (Retiro),1
58,Club de lectura: autoras africanas,http://www.madrid.es/sites/v/index.jsp?vgnextchannel=ca9671ee4a9eb410VgnVCM100000171f5a0aRCRD&vgnextoid=c278a6f664cb4910VgnVCM2000001f4a900aRCRD,28007,CALLE ARREGUI Y ARUEJ 31,17:30,2025-02-13,2025-03-27,Espacio de Igualdad Elena Arnedo Soriano. Retiro,1
59,Club de lectura: 'Mujeres escritoras y lectoras',http://www.madrid.es/sites/v/index.jsp?vgnextchannel=ca9671ee4a9eb410VgnVCM100000171f5a0aRCRD&vgnextoid=9915b7a12d044910VgnVCM2000001f4a900aRCRD,28039,CALLE ALMANSA 9,12:00,2025-01-07,2025-03-25,Centro Sociocultural José de Espronceda (Tetuán),1
60,Coder Dojo · Grupo de trabajo 2024-2025,http://www.madrid.es/sites/v/index.jsp?vgnextchannel=ca9671ee4a9eb410VgnVCM100000171f5a0aRCRD&vgnextoid=8c98b60f928d2910VgnVCM1000001d4a900aRCRD,28045,PASEO CHOPERA 14,,2024-11-16,2025-07-26,Medialab Matadero,1
61,Colección de ilustraciones Presente Continú0. Cosmo,http://www.madrid.es/sites/v/index.jsp?vgnextchannel=ca9671ee4a9eb410VgnVCM100000171f5a0aRCRD&vgnextoid=98e33e8ae27a4910VgnVCM1000001d4a900aRCRD,28045,PASEO CHOPERA 10,,2025-02-24,2025-03-15,Sala de exposiciones La Lonja. Centro Cultural Casa del Reloj (Arganzuela),1
62,Concurso de Disfraces y Baile con Orquesta,http://www.madrid.es/sites/v/index.jsp?vgnextchannel=ca9671ee4a9eb410VgnVCM100000171f5a0aRCRD&vgnextoid=3af2292bc8325910VgnVCM2000001f4a900aRCRD,28041,CALLE ARAMA 1,21:30,2025-03-01,2025-03-01,Centro Municipal de Mayores Nuestra Señora de los Ángeles,1
63,Concurso de Disfraces y Baile con Orquesta,http://www.madrid.es/sites/v/index.jsp?vgnextchannel=ca9671ee4a9eb410VgnVCM100000171f5a0aRCRD&vgnextoid=41f2ce6eb6ef4910VgnVCM1000001d4a900aRCRD,28021,CALLE CONCEPCION DE LA OLIVA 1,21:30,2025-03-01,2025-03-01,Centro Municipal de Mayores La Platanera,1
64,Conectores de la luz,http://www.madrid.es/sites/v/index.jsp?vgnextchannel=ca9671ee4a9eb410VgnVCM100000171f5a0aRCRD&vgnextoid=fae4ebbe36624910VgnVCM1000001d4a900aRCRD,28045,PLAZA LEGAZPI 8,,2025-01-18,2025-03-23,Matadero Madrid,1
65,Conoce tu parque: Monumentos históricos y arquitectónicoa,http://www.madrid.es/sites/v/index.jsp?vgnextchannel=ca9671ee4a9eb410VgnVCM100000171f5a0aRCRD&vgnextoid=df9109b11b535910VgnVCM1000001d4a900aRCRD,28027,CALLE ALCALA 527,,2025-02-24,2025-03-06,Parque Quinta de los Molinos,1
66,Construimos herramientas para el empoderamiento,http://www.madrid.es/sites/v/index.jsp?vgnextchannel=ca9671ee4a9eb410VgnVCM100000171f5a0aRCRD&vgnextoid=d48ab1ed8d964910VgnVCM2000001f4a900aRCRD,28022,PLAZA EURIPIDES 1,18:15,2025-01-08,2025-03-26,Espacio de Igualdad Lucía Sánchez Saornil. San Blas-Canillejas,1
67,Correr por Madrid,http://www.madrid.es/sites/v/index.jsp?vgnextchannel=ca9671ee4a9eb410VgnVCM100000171f5a0aRCRD&vgnextoid=712a8daaa32d4710VgnVCM1000001d4a900aRCRD,0,,00:00,2024-09-01,2025-06-30,,1
68,Cuatro historias de alquiler,http://www.madrid.es/sites/v/index.jsp?vgnextchannel=ca9671ee4a9eb410VgnVCM100000171f5a0aRCRD&vgnextoid=3171a8c219315910VgnVCM2000001f4a900aRCRD,28022,CALLE BOLTAÑA 27,19:00,2025-03-01,2025-03-01,Centro Cultural Buero Vallejo (San Blas - Canillejas),1
69,Cumpleaños,http://www.madrid.es/sites/v/index.jsp?vgnextchannel=ca9671ee4a9eb410VgnVCM100000171f5a0aRCRD&vgnextoid=ecfee2fc6e6c1910VgnVCM1000001d4a900aRCRD,28012,CALLE PRINCIPE 25,18:30,2025-02-27,2025-03-09,Teatro Español,1
70,Curar las aguas,http://www.madrid.es/sites/v/index.jsp?vgnextchannel=ca9671ee4a9eb410VgnVCM100000171f5a0aRCRD&vgnextoid=589c4d742c535910VgnVCM2000001f4a900aRCRD,28028,AVENIDA TOREROS 5,,2025-02-28,2025-03-15,Centro Cultural Buenavista (Salamanca),1
71,Curso sobre la historia del Barrio del Pilar,http://www.madrid.es/sites/v/index.jsp?vgnextchannel=ca9671ee4a9eb410VgnVCM100000171f5a0aRCRD&vgnextoid=c826b7021b7b1910VgnVCM2000001f4a900aRCRD,28029,AVENIDA MONFORTE DE LEMOS 38,11:30,2024-10-14,2025-04-28,Biblioteca Pública Municipal José Saramago (Fuencarral-El Pardo),1
72,De Casa de Campo a Madrid Río I,http://www.madrid.es/sites/v/index.jsp?vgnextchannel=ca9671ee4a9eb410VgnVCM100000171f5a0aRCRD&vgnextoid=f213099c7c2d8810VgnVCM2000001f4a900aRCRD,28011,PARQUE CASA DE CAMPO (JUNTO AL EMBARCADERO DEL LAGO) ,11:00,2025-03-01,2025-03-01,Centro de Información y Educación Ambiental de Casa de Campo,1
73,Días no lectivos 28 de febrero y 3 marzo. Campamento Urbano de Villaverde,http://www.madrid.es/sites/v/index.jsp?vgnextchannel=ca9671ee4a9eb410VgnVCM100000171f5a0aRCRD&vgnextoid=aae7755c2a384910VgnVCM2000001f4a900aRCRD,0,,,2025-02-28,2025-03-03,,1
74,Días sin cole 28 de febrero y 3 de marzo 2025. Distrito de Chamartín,http://www.madrid.es/sites/v/index.jsp?vgnextchannel=ca9671ee4a9eb410VgnVCM100000171f5a0aRCRD&vgnextoid=2d85672756474910VgnVCM1000001d4a900aRCRD,0,,,2025-02-28,2025-03-03,,1
75,Educación pública,http://www.madrid.es/sites/v/index.jsp?vgnextchannel=ca9671ee4a9eb410VgnVCM100000171f5a0aRCRD&vgnextoid=3b349c4490405910VgnVCM1000001d4a900aRCRD,28029,PLAZA DONOSO 5,,2025-02-17,2025-03-17,Biblioteca Pública Municipal María Zambrano (Tetuán),1
76,Ejercitando nuestro cuerpo,http://www.madrid.es/sites/v/index.jsp?vgnextchannel=ca9671ee4a9eb410VgnVCM100000171f5a0aRCRD&vgnextoid=603002b68bf54910VgnVCM2000001f4a900aRCRD,28022,PLAZA EURIPIDES 1,10:00,2025-01-08,2025-03-26,Espacio de Igualdad Lucía Sánchez Saornil. San Blas-Canillejas,1
77,El Bosque de los Recuerdos,http://www.madrid.es/sites/v/index.jsp?vgnextchannel=ca9671ee4a9eb410VgnVCM100000171f5a0aRCRD&vgnextoid=4eea2ed891ad4910VgnVCM2000001f4a900aRCRD,28029,PLAZA DONOSO 5,11:30,2025-02-26,2025-07-23,Biblioteca Pública Municipal María Zambrano (Tetuán),1
78,El mago Rafathor,http://www.madrid.es/sites/v/index.jsp?vgnextchannel=ca9671ee4a9eb410VgnVCM100000171f5a0aRCRD&vgnextoid=70444d742c535910VgnVCM2000001f4a900aRCRD,28035,CALLE ANTONIO MACHADO 20,12:00,2025-03-01,2025-03-01,Centro Cultural Julio Cortázar (Moncloa - Aravaca),1
79,El Retiro a través de la música,http://www.madrid.es/sites/v/index.jsp?vgnextchannel=ca9671ee4a9eb410VgnVCM100000171f5a0aRCRD&vgnextoid=44d9c0b0864b1810VgnVCM2000001f4a900aRCRD,28009,PASEO FERNAN NUÑEZ 2,11:00,2025-03-01,2025-03-01,Centro de Información y Educación Ambiental de El Huerto de El Retiro,1
80,Empoderamiento y relax,http://www.madrid.es/sites/v/index.jsp?vgnextchannel=ca9671ee4a9eb410VgnVCM100000171f5a0aRCRD&vgnextoid=3713582a56f54910VgnVCM1000001d4a900aRCRD,28022,PLAZA EURIPIDES 1,10:00,2025-01-08,2025-03-26,Espacio de Igualdad Lucía Sánchez Saornil. San Blas-Canillejas,1
81,En calma. Taller de relajación,http://www.madrid.es/sites/v/index.jsp?vgnextchannel=ca9671ee4a9eb410VgnVCM100000171f5a0aRCRD&vgnextoid=a2c6aed50c190910VgnVCM1000001d4a900aRCRD,28043,CALLE MATAPOZUELOS 2,11:00,2025-01-13,2025-04-28,Espacio de Igualdad Carme Chacón. Hortaleza,1
82,En compañía de las letras,http://www.madrid.es/sites/v/index.jsp?vgnextchannel=ca9671ee4a9eb410VgnVCM100000171f5a0aRCRD&vgnextoid=383d2a21725d3910VgnVCM1000001d4a900aRCRD,28029,AVENIDA MONFORTE DE LEMOS 38,11:00,2025-01-31,2025-06-27,Biblioteca Pública Municipal José Saramago (Fuencarral-El Pardo),1
83,En la alcoba del Sultán,http://www.madrid.es/sites/v/index.jsp?vgnextchannel=ca9671ee4a9eb410VgnVCM100000171f5a0aRCRD&vgnextoid=3986d58d22984910VgnVCM1000001d4a900aRCRD,28045,PLAZA LEGAZPI 8,,2025-02-01,2025-03-08,Cineteca Madrid,1
84,Encyclopenglish,http://www.madrid.es/sites/v/index.jsp?vgnextchannel=ca9671ee4a9eb410VgnVCM100000171f5a0aRCRD&vgnextoid=22533544ae1b4910VgnVCM2000001f4a900aRCRD,28005,CALLE SAN JUSTO 5,19:00,2025-01-29,2025-06-25,Biblioteca Pública Municipal Iván de Vargas (Centro),1
85,Entierro de la sardina. Se acabó la fiesta,http://www.madrid.es/sites/v/index.jsp?vgnextchannel=ca9671ee4a9eb410VgnVCM100000171f5a0aRCRD&vgnextoid=134c7a0da9294910VgnVCM1000001d4a900aRCRD,28001,CALLE GOYA 1,,2025-02-21,2025-03-14,Centro Cultural Emilia Pardo Bazán (Salamanca),1
86,Escritura creativa en la Biblioteca Pío Baroja,http://www.madrid.es/sites/v/index.jsp?vgnextchannel=ca9671ee4a9eb410VgnVCM100000171f5a0aRCRD&vgnextoid=30405a33ba4e3910VgnVCM1000001d4a900aRCRD,28005,CALLE ARGANDA 12,11:00,2025-02-28,2025-03-21,Biblioteca Pública Municipal Pío Baroja (Arganzuela),1
87,Escritura creativa para mujeres: relatos y autorreflexión,http://www.madrid.es/sites/v/index.jsp?vgnextchannel=ca9671ee4a9eb410VgnVCM100000171f5a0aRCRD&vgnextoid=1b3823c4d617f810VgnVCM2000001f4a900aRCRD,28007,CALLE ARREGUI Y ARUEJ 31,18:00,2025-01-14,2025-06-24,Espacio de Igualdad Elena Arnedo Soriano. Retiro,1
88,Escritura emocional. Espacio de Igualdad Carme Chacón,http://www.madrid.es/sites/v/index.jsp?vgnextchannel=ca9671ee4a9eb410VgnVCM100000171f5a0aRCRD&vgnextoid=73b9470052eb2910VgnVCM2000001f4a900aRCRD,28043,CALLE MATAPOZUELOS 2,11:00,2025-01-07,2025-04-29,Espacio de Igualdad Carme Chacón. Hortaleza,1
89,Escuela de espectadores sénior,http://www.madrid.es/sites/v/index.jsp?vgnextchannel=ca9671ee4a9eb410VgnVCM100000171f5a0aRCRD&vgnextoid=06df85f1bda62910VgnVCM1000001d4a900aRCRD,28045,PASEO CHOPERA 14,,2024-10-03,2025-06-25,Nave 10 Matadero. Creación Dramática Contemporánea,1
90,Escuela de Teatro. Teatro Municipal de Vallecas,http://www.madrid.es/sites/v/index.jsp?vgnextchannel=ca9671ee4a9eb410VgnVCM100000171f5a0aRCRD&vgnextoid=43c50a3c214f3810VgnVCM2000001f4a900aRCRD,28031,CALLE PASO DE VILLAMANRIQUE 3,,2024-09-01,2025-07-01,Teatro Municipal de Vallecas,1
91,Espacio P.O.M 2024-25,http://www.madrid.es/sites/v/index.jsp?vgnextchannel=ca9671ee4a9eb410VgnVCM100000171f5a0aRCRD&vgnextoid=663e02a2fa0e1910VgnVCM1000001d4a900aRCRD,28015,CALLE CONDE DUQUE 9,,2024-09-01,2025-05-31,Centro de Cultura Contemporánea Conde Duque,1
92,"Espacios naturales españoles, guardianes de la biodiversidad",http://www.madrid.es/sites/v/index.jsp?vgnextchannel=ca9671ee4a9eb410VgnVCM100000171f5a0aRCRD&vgnextoid=fd4a29457e3e3910VgnVCM1000001d4a900aRCRD,28009,PASEO FERNAN NUÑEZ 2,10:00,2025-01-02,2025-03-30,Centro de Información y Educación Ambiental de El Huerto de El Retiro,1
93,Estrenos Cineteca,http://www.madrid.es/sites/v/index.jsp?vgnextchannel=ca9671ee4a9eb410VgnVCM100000171f5a0aRCRD&vgnextoid=0e63fc6a6f343910VgnVCM1000001d4a900aRCRD,28045,PLAZA LEGAZPI 8,,2024-09-05,2025-07-31,Cineteca Madrid,1
94,Explora y juega Matadero Madrid en Familia,http://www.madrid.es/sites/v/index.jsp?vgnextchannel=ca9671ee4a9eb410VgnVCM100000171f5a0aRCRD&vgnextoid=d7fff2d5c9662910VgnVCM1000001d4a900aRCRD,28045,PLAZA LEGAZPI 8,,2024-10-05,2026-06-30,Matadero Madrid,1
95,Exploradores de imágenes,http://www.madrid.es/sites/v/index.jsp?vgnextchannel=ca9671ee4a9eb410VgnVCM100000171f5a0aRCRD&vgnextoid=13c5e7da8b822910VgnVCM1000001d4a900aRCRD,28045,PLAZA LEGAZPI 8,,2024-10-01,2025-06-01,Matadero Madrid,1
96,Exposición de pintura,http://www.madrid.es/sites/v/index.jsp?vgnextchannel=ca9671ee4a9eb410VgnVCM100000171f5a0aRCRD&vgnextoid=483209b11b535910VgnVCM1000001d4a900aRCRD,28027,CALLE ALCALA 527,,2025-02-24,2025-03-09,Parque Quinta de los Molinos,1
97,Exposición de Pintura `Paisajes´ y `Rincones de Serradilla del Llano´,http://www.madrid.es/sites/v/index.jsp?vgnextchannel=ca9671ee4a9eb410VgnVCM100000171f5a0aRCRD&vgnextoid=55bf157fd8e15910VgnVCM1000001d4a900aRCRD,28021,ACCESO COLONIA MARCONI 4,,2025-03-01,2025-03-31,Centro Sociocultural Marconi (Villaverde),1
98,Exposición de pintura: 'Evelyn contemporary art',http://www.madrid.es/sites/v/index.jsp?vgnextchannel=ca9671ee4a9eb410VgnVCM100000171f5a0aRCRD&vgnextoid=d4c4b89373232910VgnVCM1000001d4a900aRCRD,28049,Carretera M-607 Km 13 L-10 ,08:30,2025-02-02,2025-03-02,Centro Sociocultural Montecarmelo (Fuencarral - El Pardo),1
99,Exposición fotográfica,http://www.madrid.es/sites/v/index.jsp?vgnextchannel=ca9671ee4a9eb410VgnVCM100000171f5a0aRCRD&vgnextoid=1df19c4490405910VgnVCM1000001d4a900aRCRD,28045,PASEO CHOPERA 6,,2025-02-19,2025-03-13,Centro Cultural Casa del Reloj (Arganzuela),1
100,Exposición fotográfica: Fauna del entorno Meaques-Retamares,http://www.madrid.es/sites/v/index.jsp?vgnextchannel=ca9671ee4a9eb410VgnVCM100000171f5a0aRCRD&vgnextoid=d2b072b8d63e3910VgnVCM2000001f4a900aRCRD,28011,PARQUE CASA DE CAMPO (JUNTO AL EMBARCADERO DEL LAGO) ,10:00,2025-01-02,2025-03-30,Centro de Información y Educación Ambiental de Casa de Campo,1
101,Exposición - Hecho a mano,http://www.madrid.es/sites/v/index.jsp?vgnextchannel=ca9671ee4a9eb410VgnVCM100000171f5a0aRCRD&vgnextoid=66db531fddbc4910VgnVCM2000001f4a900aRCRD,28015,CALLE GALILEO 39,,2025-02-18,2025-03-01,Centro Cultural Galileo (Chamberí),1
102,Exposición: CLAIF. Biodiversidad de los universos: Cosmovisión Miskita,http://www.madrid.es/sites/v/index.jsp?vgnextchannel=ca9671ee4a9eb410VgnVCM100000171f5a0aRCRD&vgnextoid=2156bdd836ef4910VgnVCM2000001f4a900aRCRD,28002,CALLE MANTUANO 51,,2025-02-17,2025-03-03,Centro Cultural Nicolás Salmerón (Chamartín),1
103,"Exposición: Giovanni Perluigi da Palestrina, compositor renacentista de música sacra",http://www.madrid.es/sites/v/index.jsp?vgnextchannel=ca9671ee4a9eb410VgnVCM100000171f5a0aRCRD&vgnextoid=ba41e51b020e4910VgnVCM1000001d4a900aRCRD,28015,CALLE CONDE DUQUE 9,,2025-02-07,2025-03-31,Biblioteca Musical Víctor Espinós,1
104,Exposición: Onírica,http://www.madrid.es/sites/v/index.jsp?vgnextchannel=ca9671ee4a9eb410VgnVCM100000171f5a0aRCRD&vgnextoid=25ef33d971394910VgnVCM1000001d4a900aRCRD,28026,CALLE JULIO AGUIRRE 10,,2025-02-08,2025-03-08,Centro Sociocultural Cánovas del Castillo (Usera),1
105,Fabricantes de historias,http://www.madrid.es/sites/v/index.jsp?vgnextchannel=ca9671ee4a9eb410VgnVCM100000171f5a0aRCRD&vgnextoid=f71667b761044910VgnVCM1000001d4a900aRCRD,28045,PLAZA LEGAZPI 8,,2025-01-25,2025-03-15,Matadero Madrid,1
106,Fachadas de comercios centenarios,http://www.madrid.es/sites/v/index.jsp?vgnextchannel=ca9671ee4a9eb410VgnVCM100000171f5a0aRCRD&vgnextoid=eb2cb7a12d044910VgnVCM2000001f4a900aRCRD,28015,CALLE AMANIEL 29,,2025-01-11,2025-03-01,Centro Cultural Clara del Rey - Museo ABC (Centro),1
107,Falamos Português,http://www.madrid.es/sites/v/index.jsp?vgnextchannel=ca9671ee4a9eb410VgnVCM100000171f5a0aRCRD&vgnextoid=48c4948aceca4910VgnVCM1000001d4a900aRCRD,28029,AVENIDA MONFORTE DE LEMOS 38,18:00,2025-02-21,2025-06-20,Biblioteca Pública Municipal José Saramago (Fuencarral-El Pardo),1
108,Fiesta de carnaval en el Barrio del Aeropuerto,http://www.madrid.es/sites/v/index.jsp?vgnextchannel=ca9671ee4a9eb410VgnVCM100000171f5a0aRCRD&vgnextoid=f398b96cdd4f4910VgnVCM1000001d4a900aRCRD,0,,18:00,2025-03-01,2025-03-01,,1
109,Fiesta de carnaval en el Barro de la Alameda de Osuna,http://www.madrid.es/sites/v/index.jsp?vgnextchannel=ca9671ee4a9eb410VgnVCM100000171f5a0aRCRD&vgnextoid=d0f776ba794f4910VgnVCM1000001d4a900aRCRD,0,,18:00,2025-03-01,2025-03-01,,1
110,Fuentesal Arenillas e Itziar Okariz «CARRUSEL»,http://www.madrid.es/sites/v/index.jsp?vgnextchannel=ca9671ee4a9eb410VgnVCM100000171f5a0aRCRD&vgnextoid=9ec102a2fa0e1910VgnVCM1000001d4a900aRCRD,28015,CALLE CONDE DUQUE 9,,2025-02-27,2025-05-18,Centro de Cultura Contemporánea Conde Duque,1
111,Gala Internacional de Magia en Escena,http://www.madrid.es/sites/v/index.jsp?vgnextchannel=ca9671ee4a9eb410VgnVCM100000171f5a0aRCRD&vgnextoid=a2c01d17620b3910VgnVCM1000001d4a900aRCRD,28012,RONDA ATOCHA 35,,2025-02-12,2025-03-09,Teatro Circo Price,1
112,"Ganchillo, punto o lo que queramos",http://www.madrid.es/sites/v/index.jsp?vgnextchannel=ca9671ee4a9eb410VgnVCM100000171f5a0aRCRD&vgnextoid=fff5499d1fc63910VgnVCM1000001d4a900aRCRD,28043,CALLE MATAPOZUELOS 2,11:00,2025-01-07,2025-04-29,Espacio de Igualdad Carme Chacón. Hortaleza,1
113,Grupo autónomo de Wikipedia,http://www.madrid.es/sites/v/index.jsp?vgnextchannel=ca9671ee4a9eb410VgnVCM100000171f5a0aRCRD&vgnextoid=e4f04d15a5664910VgnVCM2000001f4a900aRCRD,28039,CALLE BRAVO MURILLO 133,11:00,2025-01-09,2025-03-27,Espacio de Igualdad Hermanas Mirabal. Tetuán,1
114,Héctor Serrano,http://www.madrid.es/sites/v/index.jsp?vgnextchannel=ca9671ee4a9eb410VgnVCM100000171f5a0aRCRD&vgnextoid=2b1fba93a70e4910VgnVCM1000001d4a900aRCRD,28045,PLAZA LEGAZPI 8,,2025-02-27,2025-03-30,Matadero Madrid,1
115,Historia de una escalera,http://www.madrid.es/sites/v/index.jsp?vgnextchannel=ca9671ee4a9eb410VgnVCM100000171f5a0aRCRD&vgnextoid=22bee2fc6e6c1910VgnVCM1000001d4a900aRCRD,28012,CALLE PRINCIPE 25,19:00,2025-01-24,2025-03-30,Teatro Español,1
116,Informática nivel intermedio,http://www.madrid.es/sites/v/index.jsp?vgnextchannel=ca9671ee4a9eb410VgnVCM100000171f5a0aRCRD&vgnextoid=9f01d88f2de54910VgnVCM1000001d4a900aRCRD,28022,PLAZA EURIPIDES 1,10:30,2025-01-13,2025-03-31,Espacio de Igualdad Lucía Sánchez Saornil. San Blas-Canillejas,1
117,Iniciación a la informática,http://www.madrid.es/sites/v/index.jsp?vgnextchannel=ca9671ee4a9eb410VgnVCM100000171f5a0aRCRD&vgnextoid=9203d88f2de54910VgnVCM1000001d4a900aRCRD,28022,PLAZA EURIPIDES 1,10:30,2025-01-13,2025-03-31,Espacio de Igualdad Lucía Sánchez Saornil. San Blas-Canillejas,1
118,Intercambio de libros,http://www.madrid.es/sites/v/index.jsp?vgnextchannel=ca9671ee4a9eb410VgnVCM100000171f5a0aRCRD&vgnextoid=f8f98dcd6abd1910VgnVCM1000001d4a900aRCRD,28042,CALLE BOTICA 7,,2024-09-30,2025-09-28,Centro Cultural - Centro Socio Cultural Villa de Barajas,1
119,INVICTUS. El deporte madrileño a través de sus trofeos,http://www.madrid.es/sites/v/index.jsp?vgnextchannel=ca9671ee4a9eb410VgnVCM100000171f5a0aRCRD&vgnextoid=880148eed77b4910VgnVCM2000001f4a900aRCRD,28004,CALLE FUENCARRAL 78,10:00,2025-01-30,2025-04-27,Museo de Historia de Madrid,1
120,It from bit,http://www.madrid.es/sites/v/index.jsp?vgnextchannel=ca9671ee4a9eb410VgnVCM100000171f5a0aRCRD&vgnextoid=f4f03e86bd0d2910VgnVCM1000001d4a900aRCRD,28045,PLAZA LEGAZPI 8,,2024-12-05,2025-03-09,Matadero Madrid,1
121,Itinerario Ornitológico Parque Emperatriz María de Austria,http://www.madrid.es/sites/v/index.jsp?vgnextchannel=ca9671ee4a9eb410VgnVCM100000171f5a0aRCRD&vgnextoid=af9fc2fff9aac810VgnVCM1000001d4a900aRCRD,0,,09:00,2025-03-01,2025-03-01,,1
122,IV Edición del Certamen de Fotografía Villa de Vallecas,http://www.madrid.es/sites/v/index.jsp?vgnextchannel=ca9671ee4a9eb410VgnVCM100000171f5a0aRCRD&vgnextoid=f3abcfac99225910VgnVCM2000001f4a900aRCRD,28031,CALLE MANUEL VELEZ 10,,2025-02-20,2025-03-21,Centro Sociocultural Francisco Fatou (Villa de Vallecas),1
123,IV Festival de carnaval Carabanchel,http://www.madrid.es/sites/v/index.jsp?vgnextchannel=ca9671ee4a9eb410VgnVCM100000171f5a0aRCRD&vgnextoid=2f2d6cac46835910VgnVCM2000001f4a900aRCRD,28054,CALLE SALVADOR ALLENDE 3,11:00,2025-03-01,2025-03-01,Parque de Salvador Allende,1
124,IX Muestra de Orfebrería Contemporánea,http://www.madrid.es/sites/v/index.jsp?vgnextchannel=ca9671ee4a9eb410VgnVCM100000171f5a0aRCRD&vgnextoid=33f41b63dd81b810VgnVCM1000001d4a900aRCRD,28012,CALLE CONCEPCION JERONIMA 15,14:00,2025-01-28,2025-03-23,Imprenta Municipal - Artes del libro,1
125,IX Muestra Orfebrería Contemporánea,http://www.madrid.es/sites/v/index.jsp?vgnextchannel=ca9671ee4a9eb410VgnVCM100000171f5a0aRCRD&vgnextoid=9c329b6c617b4910VgnVCM1000001d4a900aRCRD,28015,CALLE CONDE DUQUE 9,11:00,2025-02-05,2025-03-23,Museo de Arte Contemporáneo de Madrid,1
126,Jornadas de filosofía. La mirada de la lechuza,http://www.madrid.es/sites/v/index.jsp?vgnextchannel=ca9671ee4a9eb410VgnVCM100000171f5a0aRCRD&vgnextoid=1705e01f5be02910VgnVCM2000001f4a900aRCRD,28037,CALLE SAN ROMAN DEL VALLE 8,,2024-10-03,2025-06-26,Centro Cultural Antonio Machado (San Blas - Canillejas),1
127,Jornadas de sensibilización e información sobre los procesos participativos en Chamartín.,http://www.madrid.es/sites/v/index.jsp?vgnextchannel=ca9671ee4a9eb410VgnVCM100000171f5a0aRCRD&vgnextoid=9edb6e29da735910VgnVCM2000001f4a900aRCRD,0,,12:00,2025-03-01,2025-03-01,,1
128,"Julieta, pero no mucho",http://www.madrid.es/sites/v/index.jsp?vgnextchannel=ca9671ee4a9eb410VgnVCM100000171f5a0aRCRD&vgnextoid=f3ba2c84ecd15910VgnVCM2000001f4a900aRCRD,28022,AVENIDA SEPTIMA 11,19:00,2025-03-01,2025-03-01,Centro Cultural Ciudad Pegaso (San Blas - Canillejas),1
129,La Leyenda del Titanic,http://www.madrid.es/sites/v/index.jsp?vgnextchannel=ca9671ee4a9eb410VgnVCM100000171f5a0aRCRD&vgnextoid=5ef58c83603a0910VgnVCM1000001d4a900aRCRD,28045,PLAZA LEGAZPI 8,,2024-09-12,2025-07-31,Matadero Madrid,1
130,La primavera en el mundo macro,http://www.madrid.es/sites/v/index.jsp?vgnextchannel=ca9671ee4a9eb410VgnVCM100000171f5a0aRCRD&vgnextoid=4090157fd8e15910VgnVCM1000001d4a900aRCRD,28004,CALLE BARCELO 4,08:30,2025-02-21,2025-03-28,Biblioteca Pública Municipal Mario Vargas Llosa (Centro),1
131,La señorita de Trévelez,http://www.madrid.es/sites/v/index.jsp?vgnextchannel=ca9671ee4a9eb410VgnVCM100000171f5a0aRCRD&vgnextoid=2f9fb0f8cebe1910VgnVCM1000001d4a900aRCRD,28001,PLAZA COLON 4,,2025-02-16,2025-04-20,Fernán Gómez Centro Cultural de la Villa,1
132,La vuelta al mundo: el viaje del principito,http://www.madrid.es/sites/v/index.jsp?vgnextchannel=ca9671ee4a9eb410VgnVCM100000171f5a0aRCRD&vgnextoid=8be109b11b535910VgnVCM1000001d4a900aRCRD,28027,CALLE ALCALA 527,,2025-02-24,2025-03-09,Parque Quinta de los Molinos,1
133,Laboratorio de Técnicas de Estudio y Clases de Apoyo Escolar,http://www.madrid.es/sites/v/index.jsp?vgnextchannel=ca9671ee4a9eb410VgnVCM100000171f5a0aRCRD&vgnextoid=912ed305de902910VgnVCM2000001f4a900aRCRD,28021,ACCESO COLONIA MARCONI 4,18:00,2024-10-07,2025-04-28,Centro Sociocultural Marconi (Villaverde),1
134,Laboratorio infantil: Preparando el Carnaval,http://www.madrid.es/sites/v/index.jsp?vgnextchannel=ca9671ee4a9eb410VgnVCM100000171f5a0aRCRD&vgnextoid=a00f434865fd4910VgnVCM2000001f4a900aRCRD,28049,Carretera M-607 Km 13 L-10 ,17:00,2025-02-22,2025-03-01,Centro Sociocultural Montecarmelo (Fuencarral - El Pardo),1
135,Laboratorios ciudadanos: Rescatando la memoria de la Dehesa de la Villa,http://www.madrid.es/sites/v/index.jsp?vgnextchannel=ca9671ee4a9eb410VgnVCM100000171f5a0aRCRD&vgnextoid=0825a2fa9a3e3910VgnVCM1000001d4a900aRCRD,0,,10:00,2025-02-01,2025-03-30,Centro de Información y Educación Ambiental de Dehesa de la Villa,1
136,Las escénicas: taller de teatro para el empoderamiento femenino,http://www.madrid.es/sites/v/index.jsp?vgnextchannel=ca9671ee4a9eb410VgnVCM100000171f5a0aRCRD&vgnextoid=434f02b68bf54910VgnVCM2000001f4a900aRCRD,28022,PLAZA EURIPIDES 1,16:30,2025-01-08,2025-03-26,Espacio de Igualdad Lucía Sánchez Saornil. San Blas-Canillejas,1
137,Le kiosque,http://www.madrid.es/sites/v/index.jsp?vgnextchannel=ca9671ee4a9eb410VgnVCM100000171f5a0aRCRD&vgnextoid=4ac9d411dc735910VgnVCM1000001d4a900aRCRD,28045,PLAZA LEGAZPI 8,19:00,2025-03-01,2025-03-01,Cineteca Madrid,1
138,"Lectura de textos dramáticos traducidos, por Entre Bambalíneas",http://www.madrid.es/sites/v/index.jsp?vgnextchannel=ca9671ee4a9eb410VgnVCM100000171f5a0aRCRD&vgnextoid=1ac9ec15205d3910VgnVCM2000001f4a900aRCRD,28004,CALLE BARCELO 4,17:30,2025-01-24,2025-06-20,Biblioteca Pública Municipal Mario Vargas Llosa (Centro),1
139,Libres y Seguras. Autodefensa feminista en el Espacio de Igualdad Lourdes Hernández,http://www.madrid.es/sites/v/index.jsp?vgnextchannel=ca9671ee4a9eb410VgnVCM100000171f5a0aRCRD&vgnextoid=90fe82449be9e810VgnVCM1000001d4a900aRCRD,28019,CALLE COMANDANTE FONTANES 8,18:00,2025-01-23,2025-06-26,Espacio de Igualdad Lourdes Hernández. Carabanchel,1
140,Literatura con nombre de mujer: Club de lectura.,http://www.madrid.es/sites/v/index.jsp?vgnextchannel=ca9671ee4a9eb410VgnVCM100000171f5a0aRCRD&vgnextoid=07773d9181f54910VgnVCM1000001d4a900aRCRD,28022,PLAZA EURIPIDES 1,10:00,2025-01-09,2025-03-28,Espacio de Igualdad Lucía Sánchez Saornil. San Blas-Canillejas,1
141,Los gigantes de la montaña,http://www.madrid.es/sites/v/index.jsp?vgnextchannel=ca9671ee4a9eb410VgnVCM100000171f5a0aRCRD&vgnextoid=5ffeb0f8cebe1910VgnVCM1000001d4a900aRCRD,28001,PLAZA COLON 4,,2025-01-21,2025-03-02,Fernán Gómez Centro Cultural de la Villa,1
142,"Los malestares de Lucía, los malestares de todas",http://www.madrid.es/sites/v/index.jsp?vgnextchannel=ca9671ee4a9eb410VgnVCM100000171f5a0aRCRD&vgnextoid=82bfb1ed8d964910VgnVCM2000001f4a900aRCRD,28022,PLAZA EURIPIDES 1,12:00,2025-01-09,2025-03-27,Espacio de Igualdad Lucía Sánchez Saornil. San Blas-Canillejas,1
143,Los Secretos del Capricho: público familiar,http://www.madrid.es/sites/v/index.jsp?vgnextchannel=ca9671ee4a9eb410VgnVCM100000171f5a0aRCRD&vgnextoid=4bca9ad065bac810VgnVCM1000001d4a900aRCRD,0,,10:30,2025-03-01,2025-03-01,,1
144,Ludoteca en Centro Cultural  Miguel Hernández,http://www.madrid.es/sites/v/index.jsp?vgnextchannel=ca9671ee4a9eb410VgnVCM100000171f5a0aRCRD&vgnextoid=424529ae67e9e810VgnVCM2000001f4a900aRCRD,28044,CALLE SERRADILLA 13,,2024-10-04,2025-06-28,Centro Cultural Miguel Hernández (Latina),1
145,Ludoteca en Centro Cultural Fernando de los Ríos,http://www.madrid.es/sites/v/index.jsp?vgnextchannel=ca9671ee4a9eb410VgnVCM100000171f5a0aRCRD&vgnextoid=c62cdfaf0ae9e810VgnVCM2000001f4a900aRCRD,28047,CALLE CAMARENA 10,,2024-10-04,2025-06-28,Centro Cultural Fernando de los Ríos (Latina),1
146,Ludoteca en Centro Cultural José Luis Sampedro,http://www.madrid.es/sites/v/index.jsp?vgnextchannel=ca9671ee4a9eb410VgnVCM100000171f5a0aRCRD&vgnextoid=88f129ae67e9e810VgnVCM2000001f4a900aRCRD,28047,CALLE CASTROSERNA 4,,2024-10-04,2025-06-28,Centro Cultural José Luis Sampedro (Latina),1
147,Ludoteca en Centro Cultural Sara Montiel,http://www.madrid.es/sites/v/index.jsp?vgnextchannel=ca9671ee4a9eb410VgnVCM100000171f5a0aRCRD&vgnextoid=4f9000e8cdd9e810VgnVCM2000001f4a900aRCRD,28024,CARRETERA BOADILLA DEL MONTE 40,,2024-10-04,2025-06-28,Centro Cultural Sara Montiel (Latina),1
148,Ludoteca en Centro Sociocultural Almirante Churruca,http://www.madrid.es/sites/v/index.jsp?vgnextchannel=ca9671ee4a9eb410VgnVCM100000171f5a0aRCRD&vgnextoid=eb0e29ae67e9e810VgnVCM2000001f4a900aRCRD,28024,CALLE FUENTE DEL TIRO 72,,2024-10-04,2025-06-28,Centro Sociocultural Almirante Churruca (Latina),1
149,Ludoteca en Centro Sociocultural El Greco,http://www.madrid.es/sites/v/index.jsp?vgnextchannel=ca9671ee4a9eb410VgnVCM100000171f5a0aRCRD&vgnextoid=4a5029ae67e9e810VgnVCM2000001f4a900aRCRD,28011,CALLE EL GRECO 29,,2024-10-04,2025-06-28,Centro Sociocultural El Greco (Latina),1
150,Ludoteca en Centro Sociocultural Rosario Acuña,http://www.madrid.es/sites/v/index.jsp?vgnextchannel=ca9671ee4a9eb410VgnVCM100000171f5a0aRCRD&vgnextoid=109ddfaf0ae9e810VgnVCM2000001f4a900aRCRD,28011,CALLE MARIA DEL CARMEN 65,,2024-10-05,2025-06-28,Centro Sociocultural Rosario de Acuña (Latina),1
151,Ludoteca en la Biblioteca Ángel González,http://www.madrid.es/sites/v/index.jsp?vgnextchannel=ca9671ee4a9eb410VgnVCM100000171f5a0aRCRD&vgnextoid=50a99392d9f94810VgnVCM1000001d4a900aRCRD,28024,CALLE GRANJA DE TORREHERMOSA 1,09:30,2024-09-14,2025-05-31,Biblioteca Pública Municipal Ángel González (Latina),1
152,Ludotecas en Centro Sociocultural Latina,http://www.madrid.es/sites/v/index.jsp?vgnextchannel=ca9671ee4a9eb410VgnVCM100000171f5a0aRCRD&vgnextoid=59c61197cb41f810VgnVCM1000001d4a900aRCRD,0,,,2024-10-05,2025-06-28,,1
153,Macbeth,http://www.madrid.es/sites/v/index.jsp?vgnextchannel=ca9671ee4a9eb410VgnVCM100000171f5a0aRCRD&vgnextoid=6ffbb723be725910VgnVCM1000001d4a900aRCRD,28017,CALLE SANTA FELICIDAD 39,19:00,2025-03-01,2025-03-01,Centro Cultural la Elipa (Ciudad Lineal),1
154,Madrid Monumental: Antonio Palacios,http://www.madrid.es/sites/v/index.jsp?vgnextchannel=ca9671ee4a9eb410VgnVCM100000171f5a0aRCRD&vgnextoid=d432e1f659714910VgnVCM2000001f4a900aRCRD,28015,CALLE CONDE DUQUE 11,18:30,2025-01-23,2025-12-31,Hemeroteca Municipal,1
155,Madrileñas Ilustres: Rosario de Acuña (1850-1923),http://www.madrid.es/sites/v/index.jsp?vgnextchannel=ca9671ee4a9eb410VgnVCM100000171f5a0aRCRD&vgnextoid=a77f8f6c914d3910VgnVCM1000001d4a900aRCRD,28015,CALLE CONDE DUQUE 9,,2024-12-13,2025-06-30,Biblioteca Histórica Municipal,1
156,"Marconi. Pasacalles, Concurso de Disfraces y Orquesta",http://www.madrid.es/sites/v/index.jsp?vgnextchannel=ca9671ee4a9eb410VgnVCM100000171f5a0aRCRD&vgnextoid=7f152e655eaf4910VgnVCM1000001d4a900aRCRD,28021,ACCESO COLONIA MARCONI 4,18:00,2025-03-01,2025-03-01,Centro Sociocultural Marconi (Villaverde),1
157,Martes de estiramientos,http://www.madrid.es/sites/v/index.jsp?vgnextchannel=ca9671ee4a9eb410VgnVCM100000171f5a0aRCRD&vgnextoid=92b5811002304910VgnVCM1000001d4a900aRCRD,28007,CALLE ARREGUI Y ARUEJ 31,10:00,2025-01-14,2025-04-22,Espacio de Igualdad Elena Arnedo Soriano. Retiro,1
158,Máscaras mágicas,http://www.madrid.es/sites/v/index.jsp?vgnextchannel=ca9671ee4a9eb410VgnVCM100000171f5a0aRCRD&vgnextoid=fe2e87330c444910VgnVCM1000001d4a900aRCRD,28045,PLAZA LEGAZPI 8,,2025-02-01,2025-04-05,Matadero Madrid,1
159,Masterclass de Dirección de Fotografía en Rodaje,http://www.madrid.es/sites/v/index.jsp?vgnextchannel=ca9671ee4a9eb410VgnVCM100000171f5a0aRCRD&vgnextoid=0ba3123450bc4910VgnVCM1000001d4a900aRCRD,0,,16:00,2025-02-11,2025-03-07,,1
160,Me estiro y no me estreso,http://www.madrid.es/sites/v/index.jsp?vgnextchannel=ca9671ee4a9eb410VgnVCM100000171f5a0aRCRD&vgnextoid=609a54036fb1d810VgnVCM1000001d4a900aRCRD,28043,CALLE MATAPOZUELOS 2,18:00,2025-01-08,2025-04-30,Espacio de Igualdad Carme Chacón. Hortaleza,1
161,Meditación Vipassana,http://www.madrid.es/sites/v/index.jsp?vgnextchannel=ca9671ee4a9eb410VgnVCM100000171f5a0aRCRD&vgnextoid=50231f760e2b1910VgnVCM2000001f4a900aRCRD,0,,09:45,2024-09-18,2025-06-18,,1
162,Mermelhada - El Retablo (Madrid),http://www.madrid.es/sites/v/index.jsp?vgnextchannel=ca9671ee4a9eb410VgnVCM100000171f5a0aRCRD&vgnextoid=4db1d242f8884910VgnVCM2000001f4a900aRCRD,28009,AVENIDA MÉXICO 4,,2025-03-01,2025-03-02,Teatro Municipal de Títeres. Parque de El Retiro,1
163,Murdle,http://www.madrid.es/sites/v/index.jsp?vgnextchannel=ca9671ee4a9eb410VgnVCM100000171f5a0aRCRD&vgnextoid=05937d994a115910VgnVCM1000001d4a900aRCRD,28045,PLAZA LEGAZPI 8,17:00,2025-03-01,2025-03-01,Matadero Madrid,1
164,Natacha,http://www.madrid.es/sites/v/index.jsp?vgnextchannel=ca9671ee4a9eb410VgnVCM100000171f5a0aRCRD&vgnextoid=abeee2fc6e6c1910VgnVCM1000001d4a900aRCRD,28012,CALLE PRINCIPE 25,19:30,2025-02-11,2025-03-30,Teatro Español,1
165,Nerium Park,http://www.madrid.es/sites/v/index.jsp?vgnextchannel=ca9671ee4a9eb410VgnVCM100000171f5a0aRCRD&vgnextoid=40029f45bf9e1910VgnVCM1000001d4a900aRCRD,28045,PASEO CHOPERA 14,19:30,2025-02-27,2025-03-23,Nave 10 Matadero. Creación Dramática Contemporánea,1
166,Nosotras creamos mundo,http://www.madrid.es/sites/v/index.jsp?vgnextchannel=ca9671ee4a9eb410VgnVCM100000171f5a0aRCRD&vgnextoid=c8d733d971394910VgnVCM1000001d4a900aRCRD,28041,CALLE ESTAFETA 33,12:00,2025-03-01,2025-03-01,Centro Sociocultural San Fermín (Usera),1
167,Nuestros lugares en el barrio [Mujeres Compartiendo Sabiduría],http://www.madrid.es/sites/v/index.jsp?vgnextchannel=ca9671ee4a9eb410VgnVCM100000171f5a0aRCRD&vgnextoid=a3a1aff289ed2910VgnVCM2000001f4a900aRCRD,28022,PLAZA EURIPIDES 1,10:30,2025-01-09,2025-03-27,Espacio de Igualdad Lucía Sánchez Saornil. San Blas-Canillejas,1
168,Orfebres en Madrid. IX Muestra de Orfebrería Contemporánea,http://www.madrid.es/sites/v/index.jsp?vgnextchannel=ca9671ee4a9eb410VgnVCM100000171f5a0aRCRD&vgnextoid=2fdcb4e35c6b4910VgnVCM2000001f4a900aRCRD,28004,CALLE FUENCARRAL 78,10:00,2025-02-05,2025-03-23,Museo de Historia de Madrid,1
169,Palabras imaginadas. Lectura gráfica,http://www.madrid.es/sites/v/index.jsp?vgnextchannel=ca9671ee4a9eb410VgnVCM100000171f5a0aRCRD&vgnextoid=044d15be70332910VgnVCM1000001d4a900aRCRD,28045,PLAZA LEGAZPI 8,,2024-10-16,2025-03-09,Matadero Madrid,1
170,Panorama de los centros educativos de Tetuán,http://www.madrid.es/sites/v/index.jsp?vgnextchannel=ca9671ee4a9eb410VgnVCM100000171f5a0aRCRD&vgnextoid=bdbad53414e15910VgnVCM1000001d4a900aRCRD,28039,CALLE FRANCOS RODRIGUEZ 67,,2025-02-19,2025-03-14,Biblioteca Pública Municipal Manuel Vázquez Montalbán (Tetuán),1
171,Parkour por Madrid,http://www.madrid.es/sites/v/index.jsp?vgnextchannel=ca9671ee4a9eb410VgnVCM100000171f5a0aRCRD&vgnextoid=56b10f40cb9d0910VgnVCM2000001f4a900aRCRD,28021,PASEO PLATA Y CASTAÑAR 7,00:00,2024-09-01,2025-06-30,Centro Deportivo Municipal Plata y Castañar,1
172,Pasarela Brasil Fashion Madrid III Edición,http://www.madrid.es/sites/v/index.jsp?vgnextchannel=ca9671ee4a9eb410VgnVCM100000171f5a0aRCRD&vgnextoid=e0a80089de4f4910VgnVCM2000001f4a900aRCRD,28009,PASEO FERNÁN NÚÑEZ 24,,2025-02-10,2025-03-16,Biblioteca Pública Municipal Eugenio Trías. Casa de Fieras de El Retiro (Retiro),1
173,Piragüismo por Madrid,http://www.madrid.es/sites/v/index.jsp?vgnextchannel=ca9671ee4a9eb410VgnVCM100000171f5a0aRCRD&vgnextoid=6a73b16daa0b2810VgnVCM1000001d4a900aRCRD,28042,"GLORIETA S.A.R. DON JUAN DE BORBON Y BATTEMBERG, 5 5",00:00,2024-09-01,2025-07-31,Parque Juan Carlos I,1
174,Podcast: Escuchemos las voces de las mujeres,http://www.madrid.es/sites/v/index.jsp?vgnextchannel=ca9671ee4a9eb410VgnVCM100000171f5a0aRCRD&vgnextoid=85a7811002304910VgnVCM1000001d4a900aRCRD,28007,CALLE ARREGUI Y ARUEJ 31,17:00,2025-01-23,2025-06-12,Espacio de Igualdad Elena Arnedo Soriano. Retiro,1
175,Punto de intercambio de libros gratuito,http://www.madrid.es/sites/v/index.jsp?vgnextchannel=ca9671ee4a9eb410VgnVCM100000171f5a0aRCRD&vgnextoid=a002ee1131644910VgnVCM1000001d4a900aRCRD,28042,PLAZA NAVIO 4,,2025-01-01,2033-01-31,Centro Sociocultural Teresa de Calcuta (Barajas),1
176,Puntos de intercambio gratuitos de libros en los Centros Culturales de Barajas,http://www.madrid.es/sites/v/index.jsp?vgnextchannel=ca9671ee4a9eb410VgnVCM100000171f5a0aRCRD&vgnextoid=809e3ec8f3237810VgnVCM1000001d4a900aRCRD,0,,,2023-04-10,2029-06-30,,1
177,Reinforce English,http://www.madrid.es/sites/v/index.jsp?vgnextchannel=ca9671ee4a9eb410VgnVCM100000171f5a0aRCRD&vgnextoid=8fa7c406a51b4910VgnVCM2000001f4a900aRCRD,28005,CALLE SAN JUSTO 5,18:00,2025-01-29,2025-06-25,Biblioteca Pública Municipal Iván de Vargas (Centro),1
178,Repair Café Madrid 2024-25,http://www.madrid.es/sites/v/index.jsp?vgnextchannel=ca9671ee4a9eb410VgnVCM100000171f5a0aRCRD&vgnextoid=87e6a32fa9322910VgnVCM1000001d4a900aRCRD,28045,PASEO CHOPERA 14,18:00,2024-09-28,2025-07-26,Medialab en Matadero. Matadero Madrid,1
179,RESIDENCIAS ARTÍSTICAS LIVING MUSEUM 2024-25,http://www.madrid.es/sites/v/index.jsp?vgnextchannel=ca9671ee4a9eb410VgnVCM100000171f5a0aRCRD&vgnextoid=bf64250baf992910VgnVCM1000001d4a900aRCRD,28015,CALLE CONDE DUQUE 9,,2024-10-01,2025-05-25,Centro de Cultura Contemporánea Conde Duque,1
180,Retrato de la Mujer en Ciencia:  ilustrando la historia de científicas y sus  descubrimientos,http://www.madrid.es/sites/v/index.jsp?vgnextchannel=ca9671ee4a9eb410VgnVCM100000171f5a0aRCRD&vgnextoid=e1f1a8c219315910VgnVCM2000001f4a900aRCRD,28022,CALLE BOLTAÑA 27,,2025-03-01,2025-03-31,Centro Cultural Buero Vallejo (San Blas - Canillejas),1
181,Revelar: Descubriendo lo ignorado.,http://www.madrid.es/sites/v/index.jsp?vgnextchannel=ca9671ee4a9eb410VgnVCM100000171f5a0aRCRD&vgnextoid=51739c4490405910VgnVCM1000001d4a900aRCRD,28045,PASEO CHOPERA 6,,2025-02-19,2025-03-13,Centro Cultural Casa del Reloj (Arganzuela),1
182,Revista Afal. Pequeña y libre,http://www.madrid.es/sites/v/index.jsp?vgnextchannel=ca9671ee4a9eb410VgnVCM100000171f5a0aRCRD&vgnextoid=eed9ea6b993d3910VgnVCM1000001d4a900aRCRD,28014,CALLE ALAMEDA 15,,2024-12-18,2025-03-30,Espacio Cultural Serrería Belga,1
183,Ritmos Latinos y Bailes Americanos (Nivel Medio). Jornadas gratuitas,http://www.madrid.es/sites/v/index.jsp?vgnextchannel=ca9671ee4a9eb410VgnVCM100000171f5a0aRCRD&vgnextoid=5f96e01f5be02910VgnVCM2000001f4a900aRCRD,28037,CALLE SAN ROMAN DEL VALLE 8,,2024-10-04,2025-06-27,Centro Cultural Antonio Machado (San Blas - Canillejas),1
184,Roberta González. Una pequeña colección madrileña.,http://www.madrid.es/sites/v/index.jsp?vgnextchannel=ca9671ee4a9eb410VgnVCM100000171f5a0aRCRD&vgnextoid=94b9e2e286ada810VgnVCM1000001d4a900aRCRD,28015,CALLE CONDE DUQUE 9,12:00,2023-10-05,2025-05-04,Museo de Arte Contemporáneo de Madrid,1
185,Rutas Medioambientales Invierno 2025 - Distrito de Villaverde,http://www.madrid.es/sites/v/index.jsp?vgnextchannel=ca9671ee4a9eb410VgnVCM100000171f5a0aRCRD&vgnextoid=5230dca2f3964910VgnVCM1000001d4a900aRCRD,0,,,2025-01-19,2025-03-16,,1
186,San Cristóbal de los Ángeles. Concurso de Disfraces y Baile con Orquesta,http://www.madrid.es/sites/v/index.jsp?vgnextchannel=ca9671ee4a9eb410VgnVCM100000171f5a0aRCRD&vgnextoid=1e752e655eaf4910VgnVCM1000001d4a900aRCRD,0,,21:30,2025-03-01,2025-03-01,,1
187,Sanando y aceptándonos en colectividad,http://www.madrid.es/sites/v/index.jsp?vgnextchannel=ca9671ee4a9eb410VgnVCM100000171f5a0aRCRD&vgnextoid=31bcb1ed8d964910VgnVCM2000001f4a900aRCRD,28022,PLAZA EURIPIDES 1,18:30,2025-01-13,2025-03-31,Espacio de Igualdad Lucía Sánchez Saornil. San Blas-Canillejas,1
188,Senda Descubre la vida silvestre del parque de Pradolongo,http://www.madrid.es/sites/v/index.jsp?vgnextchannel=ca9671ee4a9eb410VgnVCM100000171f5a0aRCRD&vgnextoid=26378061b6e15910VgnVCM2000001f4a900aRCRD,28026,CALLE DOCTOR TOLOSA LATOUR 16,10:00,2025-03-01,2025-03-01,Centro de Educación Ambiental y Cultural Maris Stella (Usera),1
189,"Senderismo urbano. Emilia Pardo Bazán: mujer en la cultura, reto y naturaleza.",http://www.madrid.es/sites/v/index.jsp?vgnextchannel=ca9671ee4a9eb410VgnVCM100000171f5a0aRCRD&vgnextoid=2660c9a484315910VgnVCM1000001d4a900aRCRD,0,,11:00,2025-03-01,2025-03-01,Centro de Información y Educación Ambiental de Dehesa de la Villa,1
190,Sinfonía en clave de MAC. Obras maestras del Museo de Arte Contemporáneo,http://www.madrid.es/sites/v/index.jsp?vgnextchannel=ca9671ee4a9eb410VgnVCM100000171f5a0aRCRD&vgnextoid=a193a1fda6773910VgnVCM2000001f4a900aRCRD,28015,CALLE CONDE DUQUE 9,12:00,2024-12-05,2025-06-01,Museo de Arte Contemporáneo de Madrid,1
191,Sobreviure a l'incendi: El documental de ZOO,http://www.madrid.es/sites/v/index.jsp?vgnextchannel=ca9671ee4a9eb410VgnVCM100000171f5a0aRCRD&vgnextoid=becf119345225910VgnVCM1000001d4a900aRCRD,28045,PLAZA LEGAZPI 8,,2025-03-01,2025-03-04,Cineteca Madrid,1
192,Sombras de tinta,http://www.madrid.es/sites/v/index.jsp?vgnextchannel=ca9671ee4a9eb410VgnVCM100000171f5a0aRCRD&vgnextoid=25409cf356325910VgnVCM1000001d4a900aRCRD,28039,CALLE FRANCOS RODRIGUEZ 67,,2025-02-21,2025-03-21,Biblioteca Pública Municipal Manuel Vázquez Montalbán (Tetuán),1
193,Taller de ajedrez avanzado (Infantil-juvenil),http://www.madrid.es/sites/v/index.jsp?vgnextchannel=ca9671ee4a9eb410VgnVCM100000171f5a0aRCRD&vgnextoid=3e7958cef3391910VgnVCM2000001f4a900aRCRD,28041,PLAZA PUEBLO 2,19:00,2024-10-02,2025-06-11,Biblioteca Pública Municipal Gabriel García Márquez (Usera),1
194,Taller de ajedrez (Avanzado),http://www.madrid.es/sites/v/index.jsp?vgnextchannel=ca9671ee4a9eb410VgnVCM100000171f5a0aRCRD&vgnextoid=70bded4a8e291910VgnVCM1000001d4a900aRCRD,28022,CALLE BOLTAÑA 23,12:00,2024-09-27,2025-06-13,Biblioteca Pública Municipal Canillejas (San Blas-Canillejas),1
195,Taller de ajedrez (Avanzado),http://www.madrid.es/sites/v/index.jsp?vgnextchannel=ca9671ee4a9eb410VgnVCM100000171f5a0aRCRD&vgnextoid=5839c187df291910VgnVCM1000001d4a900aRCRD,28041,AVENIDA SAN FERMIN 10,19:00,2024-09-30,2025-06-23,Biblioteca Pública Municipal San Fermín (Usera),1
196,Taller de ajedrez (avanzado),http://www.madrid.es/sites/v/index.jsp?vgnextchannel=ca9671ee4a9eb410VgnVCM100000171f5a0aRCRD&vgnextoid=2a05eb6d989d3910VgnVCM1000001d4a900aRCRD,28025,CALLE GENERAL RICARDOS 252,18:30,2024-10-01,2025-06-10,Biblioteca Pública Municipal La Chata (Carabanchel),1
197,Taller de ajedrez (Iniciación),http://www.madrid.es/sites/v/index.jsp?vgnextchannel=ca9671ee4a9eb410VgnVCM100000171f5a0aRCRD&vgnextoid=a9a9ed4a8e291910VgnVCM1000001d4a900aRCRD,28022,CALLE BOLTAÑA 23,11:00,2024-09-27,2025-06-13,Biblioteca Pública Municipal Canillejas (San Blas-Canillejas),1
198,Taller de ajedrez (iniciación),http://www.madrid.es/sites/v/index.jsp?vgnextchannel=ca9671ee4a9eb410VgnVCM100000171f5a0aRCRD&vgnextoid=4f03eb6d989d3910VgnVCM1000001d4a900aRCRD,28025,CALLE GENERAL RICARDOS 252,17:30,2024-10-01,2025-06-10,Biblioteca Pública Municipal La Chata (Carabanchel),1
199,Taller de Bancal lasaña en el Huerto Urbano Comunitario Kupina Morera,http://www.madrid.es/sites/v/index.jsp?vgnextchannel=ca9671ee4a9eb410VgnVCM100000171f5a0aRCRD&vgnextoid=7554114bbe725910VgnVCM2000001f4a900aRCRD,0,,11:00,2025-03-01,2025-03-01,,1
200,Taller de cine,http://www.madrid.es/sites/v/index.jsp?vgnextchannel=ca9671ee4a9eb410VgnVCM100000171f5a0aRCRD&vgnextoid=5202ddbf75b41910VgnVCM2000001f4a900aRCRD,28050,CALLE PRINCESA DE EBOLI 29,17:30,2024-10-15,2025-05-27,Biblioteca Pública Municipal María Lejárraga (Hortaleza),1
201,Taller de cine,http://www.madrid.es/sites/v/index.jsp?vgnextchannel=ca9671ee4a9eb410VgnVCM100000171f5a0aRCRD&vgnextoid=1d50ddbf75b41910VgnVCM2000001f4a900aRCRD,28017,CALLE NUESTRA SEÑORA DEL VILLAR 6,11:00,2024-10-08,2025-05-27,Biblioteca Pública Municipal La Elipa (Ciudad Lineal),1
202,Taller de cómic (Infantil),http://www.madrid.es/sites/v/index.jsp?vgnextchannel=ca9671ee4a9eb410VgnVCM100000171f5a0aRCRD&vgnextoid=fcd9ecedfd123910VgnVCM2000001f4a900aRCRD,28022,CALLE MARIA SEVILLA DIAGO 15,18:00,2024-11-25,2025-05-19,Biblioteca Pública Municipal José Hierro (San Blas-Canillejas),1
203,Taller de cómic (Infantil),http://www.madrid.es/sites/v/index.jsp?vgnextchannel=ca9671ee4a9eb410VgnVCM100000171f5a0aRCRD&vgnextoid=ad3087ffb3f64910VgnVCM1000001d4a900aRCRD,28030,CALLE ARROYO BELINCOSO 11,18:00,2025-01-15,2025-05-21,Biblioteca Pública Municipal Miguel Delibes (Moratalaz),1
204,Taller de cómic (Infantil),http://www.madrid.es/sites/v/index.jsp?vgnextchannel=ca9671ee4a9eb410VgnVCM100000171f5a0aRCRD&vgnextoid=5c9ec45e58724910VgnVCM2000001f4a900aRCRD,28029,PLAZA DONOSO 5,17:30,2025-01-08,2025-06-04,Biblioteca Pública Municipal María Zambrano (Tetuán),1
205,Taller de cómic (Infantil),http://www.madrid.es/sites/v/index.jsp?vgnextchannel=ca9671ee4a9eb410VgnVCM100000171f5a0aRCRD&vgnextoid=fbc06ac373051910VgnVCM2000001f4a900aRCRD,28053,AVENIDA GLORIETAS 19,17:30,2024-09-30,2025-06-02,Biblioteca Pública Municipal Pozo del Tío Raimundo (Puente de Vallecas),1
206,Taller de cómic (Infantil),http://www.madrid.es/sites/v/index.jsp?vgnextchannel=ca9671ee4a9eb410VgnVCM100000171f5a0aRCRD&vgnextoid=b77d6ac373051910VgnVCM2000001f4a900aRCRD,28041,PLAZA PUEBLO 2,18:00,2024-09-24,2025-06-03,Biblioteca Pública Municipal Gabriel García Márquez (Usera),1
207,Taller de cómic (juvenil),http://www.madrid.es/sites/v/index.jsp?vgnextchannel=ca9671ee4a9eb410VgnVCM100000171f5a0aRCRD&vgnextoid=fb9a63238a0b3910VgnVCM1000001d4a900aRCRD,28005,CALLE SAN JUSTO 5,12:00,2024-10-05,2025-06-07,Biblioteca Pública Municipal Iván de Vargas (Centro),1
208,Taller de Creación de Telares,http://www.madrid.es/sites/v/index.jsp?vgnextchannel=ca9671ee4a9eb410VgnVCM100000171f5a0aRCRD&vgnextoid=5fda74c90efe4910VgnVCM2000001f4a900aRCRD,28021,ACCESO COLONIA MARCONI 4,10:00,2025-02-28,2025-04-04,Centro Sociocultural Marconi (Villaverde),1
209,Taller de Creación Literaria en la Biblioteca Francisco Ibáñez,http://www.madrid.es/sites/v/index.jsp?vgnextchannel=ca9671ee4a9eb410VgnVCM100000171f5a0aRCRD&vgnextoid=cb053785d0f64910VgnVCM1000001d4a900aRCRD,28002,CALLE MANTUANO 51,11:00,2025-02-27,2025-06-26,Biblioteca Pública Municipal Francisco Ibáñez (Chamartín),1
210,Taller de creación literaria en la Biblioteca Miguel Delibes,http://www.madrid.es/sites/v/index.jsp?vgnextchannel=ca9671ee4a9eb410VgnVCM100000171f5a0aRCRD&vgnextoid=38a2ddbf75b41910VgnVCM2000001f4a900aRCRD,28030,CALLE ARROYO BELINCOSO 11,18:30,2024-10-01,2025-06-10,Biblioteca Pública Municipal Miguel Delibes (Moratalaz),1
211,Taller de Historia de Madrid,http://www.madrid.es/sites/v/index.jsp?vgnextchannel=ca9671ee4a9eb410VgnVCM100000171f5a0aRCRD&vgnextoid=8b112bc9b3631910VgnVCM2000001f4a900aRCRD,28041,PLAZA PUEBLO 2,18:00,2024-10-02,2025-06-11,Biblioteca Pública Municipal Gabriel García Márquez (Usera),1
212,Taller de juegos (infantil),http://www.madrid.es/sites/v/index.jsp?vgnextchannel=ca9671ee4a9eb410VgnVCM100000171f5a0aRCRD&vgnextoid=3a1f32fa46a61910VgnVCM1000001d4a900aRCRD,28041,PLAZA PUEBLO 2,18:00,2024-10-17,2025-05-29,Biblioteca Pública Municipal Gabriel García Márquez (Usera),1
213,Taller de juegos (infantil),http://www.madrid.es/sites/v/index.jsp?vgnextchannel=ca9671ee4a9eb410VgnVCM100000171f5a0aRCRD&vgnextoid=3bce32fa46a61910VgnVCM1000001d4a900aRCRD,28032,BULEVAR INDALECIO PRIETO 21,18:00,2024-10-02,2025-05-28,Biblioteca Pública Municipal Francisco Ayala (Vicálvaro),1
214,Taller de Manualidades (infantil),http://www.madrid.es/sites/v/index.jsp?vgnextchannel=ca9671ee4a9eb410VgnVCM100000171f5a0aRCRD&vgnextoid=4a4419b794a61910VgnVCM1000001d4a900aRCRD,28022,CALLE BOLTAÑA 23,18:00,2024-10-02,2025-05-28,Biblioteca Pública Municipal Canillejas (San Blas-Canillejas),1
215,Taller de Manualidades (infantil),http://www.madrid.es/sites/v/index.jsp?vgnextchannel=ca9671ee4a9eb410VgnVCM100000171f5a0aRCRD&vgnextoid=72bc87ffb3f64910VgnVCM1000001d4a900aRCRD,28030,CALLE ARROYO BELINCOSO 11,18:00,2025-01-16,2025-05-08,Biblioteca Pública Municipal Miguel Delibes (Moratalaz),1
216,Taller de Poesía,http://www.madrid.es/sites/v/index.jsp?vgnextchannel=ca9671ee4a9eb410VgnVCM100000171f5a0aRCRD&vgnextoid=b4fc6e037df92910VgnVCM2000001f4a900aRCRD,28041,AVENIDA SAN FERMIN 10,18:00,2024-10-15,2025-06-17,Biblioteca Pública Municipal San Fermín (Usera),1
217,Taller de Poesía,http://www.madrid.es/sites/v/index.jsp?vgnextchannel=ca9671ee4a9eb410VgnVCM100000171f5a0aRCRD&vgnextoid=f0b09ab0b9c21910VgnVCM1000001d4a900aRCRD,28053,CALLE PUERTO DEL MONASTERIO 1,10:00,2024-10-01,2025-06-10,Biblioteca Pública Municipal Vallecas (Puente de Vallecas),1
218,Taller de Psicología,http://www.madrid.es/sites/v/index.jsp?vgnextchannel=ca9671ee4a9eb410VgnVCM100000171f5a0aRCRD&vgnextoid=2b0d6081f5f92910VgnVCM1000001d4a900aRCRD,28053,CALLE PUERTO DEL MONASTERIO 1,10:00,2024-10-18,2025-06-06,Biblioteca Pública Municipal Vallecas (Puente de Vallecas),1
219,Taller de Psicología,http://www.madrid.es/sites/v/index.jsp?vgnextchannel=ca9671ee4a9eb410VgnVCM100000171f5a0aRCRD&vgnextoid=9b54e902e0631910VgnVCM1000001d4a900aRCRD,28053,AVENIDA GLORIETAS 19,11:00,2024-10-02,2025-05-28,Biblioteca Pública Municipal Pozo del Tío Raimundo (Puente de Vallecas),1
220,Taller de semilleros en el Huerto Urbano Comunitario Garbanzal Las Montijas,http://www.madrid.es/sites/v/index.jsp?vgnextchannel=ca9671ee4a9eb410VgnVCM100000171f5a0aRCRD&vgnextoid=2573114bbe725910VgnVCM2000001f4a900aRCRD,0,,11:00,2025-03-01,2025-03-01,,1
221,Taller Formativo de Producción Musical,http://www.madrid.es/sites/v/index.jsp?vgnextchannel=ca9671ee4a9eb410VgnVCM100000171f5a0aRCRD&vgnextoid=51133276cdfd4910VgnVCM1000001d4a900aRCRD,0,,16:30,2025-02-10,2025-04-07,,1
222,Taller Intergeneracional,http://www.madrid.es/sites/v/index.jsp?vgnextchannel=ca9671ee4a9eb410VgnVCM100000171f5a0aRCRD&vgnextoid=3a2009b11b535910VgnVCM1000001d4a900aRCRD,28027,CALLE ALCALA 527,,2025-02-24,2025-03-06,Parque Quinta de los Molinos,1
223,Taller 'Pequeñas científicas',http://www.madrid.es/sites/v/index.jsp?vgnextchannel=ca9671ee4a9eb410VgnVCM100000171f5a0aRCRD&vgnextoid=30729cf356325910VgnVCM1000001d4a900aRCRD,28009,PASEO FERNAN NUÑEZ 10,16:30,2025-03-01,2025-03-01,Aula ambiental La Cabaña del Retiro,1
224,Taller 'Remedial English',http://www.madrid.es/sites/v/index.jsp?vgnextchannel=ca9671ee4a9eb410VgnVCM100000171f5a0aRCRD&vgnextoid=5d86b2481b1e1910VgnVCM2000001f4a900aRCRD,28022,CALLE MARIA SEVILLA DIAGO 15,18:00,2024-10-08,2025-04-29,Biblioteca Pública Municipal José Hierro (San Blas-Canillejas),1
225,Taller 'Remedial English',http://www.madrid.es/sites/v/index.jsp?vgnextchannel=ca9671ee4a9eb410VgnVCM100000171f5a0aRCRD&vgnextoid=9274b2481b1e1910VgnVCM2000001f4a900aRCRD,28002,CALLE MANTUANO 51,18:00,2024-10-08,2025-04-29,Biblioteca Pública Municipal Francisco Ibáñez (Chamartín),1
226,Taller 'Remedial English',http://www.madrid.es/sites/v/index.jsp?vgnextchannel=ca9671ee4a9eb410VgnVCM100000171f5a0aRCRD&vgnextoid=cd6ab01c7d402910VgnVCM1000001d4a900aRCRD,28005,CALLE SAN JUSTO 5,18:00,2024-10-08,2025-04-29,Biblioteca Pública Municipal Iván de Vargas (Centro),1
227,Taller 'Remedial English',http://www.madrid.es/sites/v/index.jsp?vgnextchannel=ca9671ee4a9eb410VgnVCM100000171f5a0aRCRD&vgnextoid=867b0525bf520910VgnVCM1000001d4a900aRCRD,28004,CALLE BARCELO 4,18:00,2024-10-07,2025-04-28,Biblioteca Pública Municipal Mario Vargas Llosa (Centro),1
228,Talleres creativos en idioma serbio,http://www.madrid.es/sites/v/index.jsp?vgnextchannel=ca9671ee4a9eb410VgnVCM100000171f5a0aRCRD&vgnextoid=394cdaa14d721910VgnVCM2000001f4a900aRCRD,28005,CALLE SAN JUSTO 5,11:00,2024-09-22,2025-06-22,Biblioteca Pública Municipal Iván de Vargas (Centro),1
229,Talleres de máscaras,http://www.madrid.es/sites/v/index.jsp?vgnextchannel=ca9671ee4a9eb410VgnVCM100000171f5a0aRCRD&vgnextoid=e206292bc8325910VgnVCM2000001f4a900aRCRD,28020,CALLE BRAVO MURILLO 251,,2025-03-01,2025-03-01,Centro Sociocultural Tetuán,1
230,Talleres de reflexión y meditación: la acción coherente,http://www.madrid.es/sites/v/index.jsp?vgnextchannel=ca9671ee4a9eb410VgnVCM100000171f5a0aRCRD&vgnextoid=21499827a09d2910VgnVCM1000001d4a900aRCRD,28022,CALLE BOLTAÑA 23,18:30,2024-11-13,2025-03-05,Biblioteca Pública Municipal Canillejas (San Blas-Canillejas),1
231,Talleres Infantiles de Carnaval. Centros Socioculturales de Villaverde,http://www.madrid.es/sites/v/index.jsp?vgnextchannel=ca9671ee4a9eb410VgnVCM100000171f5a0aRCRD&vgnextoid=063ebe426bef4910VgnVCM1000001d4a900aRCRD,0,,11:00,2025-03-01,2025-03-01,,1
232,Tecnologías tras las exposiciones inmersivas: sentir sin tocar,http://www.madrid.es/sites/v/index.jsp?vgnextchannel=ca9671ee4a9eb410VgnVCM100000171f5a0aRCRD&vgnextoid=ab01d58d22984910VgnVCM1000001d4a900aRCRD,28041,AVENIDA SAN FERMIN 10,18:00,2025-02-07,2025-06-06,Biblioteca Pública Municipal San Fermín (Usera),1
233,Tejedoras en autonomía [Mujeres Compartiendo Sabiduría],http://www.madrid.es/sites/v/index.jsp?vgnextchannel=ca9671ee4a9eb410VgnVCM100000171f5a0aRCRD&vgnextoid=c257582a56f54910VgnVCM1000001d4a900aRCRD,28022,PLAZA EURIPIDES 1,17:00,2025-01-09,2025-03-27,Espacio de Igualdad Lucía Sánchez Saornil. San Blas-Canillejas,1
234,Tejiendo Colores,http://www.madrid.es/sites/v/index.jsp?vgnextchannel=ca9671ee4a9eb410VgnVCM100000171f5a0aRCRD&vgnextoid=f1868061b6e15910VgnVCM2000001f4a900aRCRD,28026,CALLE DOCTOR TOLOSA LATOUR 16,,2025-03-01,2025-03-31,Centro de Educación Ambiental y Cultural Maris Stella (Usera),1
235,Tejiendo palabras,http://www.madrid.es/sites/v/index.jsp?vgnextchannel=ca9671ee4a9eb410VgnVCM100000171f5a0aRCRD&vgnextoid=1d3bbc6b7dbc4910VgnVCM1000001d4a900aRCRD,28025,CALLE GENERAL RICARDOS 252,11:00,2025-02-04,2025-05-20,Biblioteca Pública Municipal La Chata (Carabanchel),1
236,Tertulias de filosofía,http://www.madrid.es/sites/v/index.jsp?vgnextchannel=ca9671ee4a9eb410VgnVCM100000171f5a0aRCRD&vgnextoid=6626ce6dde131910VgnVCM1000001d4a900aRCRD,28053,CALLE PUERTO DEL MONASTERIO 1,10:00,2024-10-04,2025-05-30,Biblioteca Pública Municipal Vallecas (Puente de Vallecas),1
237,"Tertulias de viajes: escucha, intercambia y comparte experiencias",http://www.madrid.es/sites/v/index.jsp?vgnextchannel=ca9671ee4a9eb410VgnVCM100000171f5a0aRCRD&vgnextoid=3d7f28cb84672910VgnVCM2000001f4a900aRCRD,28017,CALLE ASCAO 4,10:00,2024-10-30,2025-05-21,Biblioteca Pública Municipal Pablo Neruda (Ciudad Lineal),1
238,Tertulias en francés,http://www.madrid.es/sites/v/index.jsp?vgnextchannel=ca9671ee4a9eb410VgnVCM100000171f5a0aRCRD&vgnextoid=f7fc27a924b41910VgnVCM2000001f4a900aRCRD,28004,CALLE BARCELO 4,19:00,2024-09-24,2025-06-10,Biblioteca Pública Municipal Mario Vargas Llosa (Centro),1
239,Tertulias en Inglés,http://www.madrid.es/sites/v/index.jsp?vgnextchannel=ca9671ee4a9eb410VgnVCM100000171f5a0aRCRD&vgnextoid=73e6dc1e00af4910VgnVCM2000001f4a900aRCRD,28031,CALLE MONTE AYA 12,19:00,2025-01-13,2025-05-26,Biblioteca Pública Municipal Gerardo Diego (Villa de Vallecas),1
240,Tertulias en Inglés,http://www.madrid.es/sites/v/index.jsp?vgnextchannel=ca9671ee4a9eb410VgnVCM100000171f5a0aRCRD&vgnextoid=fa7248a5e0d84910VgnVCM1000001d4a900aRCRD,28019,CALLE ISAAC ALBENIZ 1,19:00,2025-01-23,2025-05-29,Biblioteca Pública Municipal Ana María Matute (Carabanchel),1
241,Tertulias en Inglés,http://www.madrid.es/sites/v/index.jsp?vgnextchannel=ca9671ee4a9eb410VgnVCM100000171f5a0aRCRD&vgnextoid=ae6016630a815910VgnVCM2000001f4a900aRCRD,28038,CALLE CANTALAPIEDRA 11,11:00,2025-02-04,2025-06-17,Biblioteca Pública Municipal Portazgo (Puente de Vallecas),1
242,Tertulias en Inglés,http://www.madrid.es/sites/v/index.jsp?vgnextchannel=ca9671ee4a9eb410VgnVCM100000171f5a0aRCRD&vgnextoid=1ad33527bea41910VgnVCM1000001d4a900aRCRD,28041,AVENIDA SAN FERMIN 10,19:00,2024-10-02,2025-06-18,Biblioteca Pública Municipal San Fermín (Usera),1
243,Tertulias en Inglés,http://www.madrid.es/sites/v/index.jsp?vgnextchannel=ca9671ee4a9eb410VgnVCM100000171f5a0aRCRD&vgnextoid=ed0f5ab3b2f64910VgnVCM1000001d4a900aRCRD,28030,CALLE ARROYO BELINCOSO 11,18:30,2025-01-17,2025-05-30,Biblioteca Pública Municipal Miguel Delibes (Moratalaz),1
244,Tertulias en Inglés (infantil),http://www.madrid.es/sites/v/index.jsp?vgnextchannel=ca9671ee4a9eb410VgnVCM100000171f5a0aRCRD&vgnextoid=eec46c112bc41910VgnVCM2000001f4a900aRCRD,28053,CALLE PUERTO DEL MONASTERIO 1,18:00,2024-09-25,2025-06-11,Biblioteca Pública Municipal Vallecas (Puente de Vallecas),1
245,"Top Secret: aventuras, sueños y mentiras",http://www.madrid.es/sites/v/index.jsp?vgnextchannel=ca9671ee4a9eb410VgnVCM100000171f5a0aRCRD&vgnextoid=9afd87330c444910VgnVCM1000001d4a900aRCRD,28045,PLAZA LEGAZPI 8,,2025-01-26,2025-03-16,Matadero Madrid,1
246,Triatlón por Madrid,http://www.madrid.es/sites/v/index.jsp?vgnextchannel=ca9671ee4a9eb410VgnVCM100000171f5a0aRCRD&vgnextoid=4e703104e46fa710VgnVCM1000001d4a900aRCRD,28011,PASEO PUERTA DEL ANGEL 7,00:00,2024-09-01,2025-06-30,Centro Deportivo Municipal Casa de Campo,1
247,Triatlón por Madrid,http://www.madrid.es/sites/v/index.jsp?vgnextchannel=ca9671ee4a9eb410VgnVCM100000171f5a0aRCRD&vgnextoid=86742bbbbdc89810VgnVCM2000001f4a900aRCRD,28042,AVENIDA LOGROÑO 70,00:00,2024-09-01,2025-06-30,Centro Deportivo Municipal Barajas,1
248,Triatlón por Madrid,http://www.madrid.es/sites/v/index.jsp?vgnextchannel=ca9671ee4a9eb410VgnVCM100000171f5a0aRCRD&vgnextoid=f7df3104e46fa710VgnVCM1000001d4a900aRCRD,28031,CALLE CERRO DE ALMODOVAR 9,00:00,2024-09-01,2025-06-30,Centro Deportivo Municipal Cerro Almodóvar,1
249,Trópico sin tópico: Amazonas,http://www.madrid.es/sites/v/index.jsp?vgnextchannel=ca9671ee4a9eb410VgnVCM100000171f5a0aRCRD&vgnextoid=517b08502f864910VgnVCM1000001d4a900aRCRD,28014,PLAZA CIBELES 1,,2025-02-13,2025-06-22,CentroCentro,1
250,"Tú, yo y el mundo. La Colmena",http://www.madrid.es/sites/v/index.jsp?vgnextchannel=ca9671ee4a9eb410VgnVCM100000171f5a0aRCRD&vgnextoid=7f6402a2fa0e1910VgnVCM1000001d4a900aRCRD,28015,CALLE CONDE DUQUE 9,,2024-10-08,2025-05-27,Centro de Cultura Contemporánea Conde Duque,1
251,Una mirada a través del tiempo,http://www.madrid.es/sites/v/index.jsp?vgnextchannel=ca9671ee4a9eb410VgnVCM100000171f5a0aRCRD&vgnextoid=b2c423122abc4910VgnVCM1000001d4a900aRCRD,28022,CALLE MARIA SEVILLA DIAGO 15,,2025-02-03,2025-03-28,Biblioteca Pública Municipal José Hierro (San Blas-Canillejas),1
252,Vida,http://www.madrid.es/sites/v/index.jsp?vgnextchannel=ca9671ee4a9eb410VgnVCM100000171f5a0aRCRD&vgnextoid=f2edddd487835910VgnVCM1000001d4a900aRCRD,28015,CALLE CONDE DUQUE 9,08:30,2025-03-01,2025-03-31,Biblioteca Pública Municipal Benito Pérez Galdós (Centro),1
253,Vida del Palacio de Cibeles,http://www.madrid.es/sites/v/index.jsp?vgnextchannel=ca9671ee4a9eb410VgnVCM100000171f5a0aRCRD&vgnextoid=df2b06e5faa72910VgnVCM1000001d4a900aRCRD,28014,PLAZA CIBELES 1,,2024-10-11,2025-10-13,CentroCentro,1
254,"Villaverde Alto. Actuación Infantil, Concurso de Disfraces y Orquesta Crystal",http://www.madrid.es/sites/v/index.jsp?vgnextchannel=ca9671ee4a9eb410VgnVCM100000171f5a0aRCRD&vgnextoid=9f232e655eaf4910VgnVCM1000001d4a900aRCRD,0,,19:30,2025-03-01,2025-03-01,,1
255,Villaverde Alto. Desfile de Carnaval,http://www.madrid.es/sites/v/index.jsp?vgnextchannel=ca9671ee4a9eb410VgnVCM100000171f5a0aRCRD&vgnextoid=b70838dd54af4910VgnVCM2000001f4a900aRCRD,0,,18:00,2025-03-01,2025-03-01,,1
256,Villaverde Bajo. Concurso de Disfraces y Pasacalles,http://www.madrid.es/sites/v/index.jsp?vgnextchannel=ca9671ee4a9eb410VgnVCM100000171f5a0aRCRD&vgnextoid=87042e655eaf4910VgnVCM1000001d4a900aRCRD,0,,17:30,2025-03-01,2025-03-01,,1
257,"Visita a la exposición permanente Maris Stella, un sueño de todos'",http://www.madrid.es/sites/v/index.jsp?vgnextchannel=ca9671ee4a9eb410VgnVCM100000171f5a0aRCRD&vgnextoid=f745ce5179e61910VgnVCM1000001d4a900aRCRD,28026,CALLE DOCTOR TOLOSA LATOUR 16,,2024-08-20,2025-03-31,Centro de Educación Ambiental y Cultural Maris Stella (Usera),1
258,Visitas a Matadero,http://www.madrid.es/sites/v/index.jsp?vgnextchannel=ca9671ee4a9eb410VgnVCM100000171f5a0aRCRD&vgnextoid=0d3cc39a88fb5810VgnVCM1000001d4a900aRCRD,28045,PLAZA LEGAZPI 8,,2024-09-09,2025-07-07,Matadero Madrid,1
259,Visitas a Matadero para grupos,http://www.madrid.es/sites/v/index.jsp?vgnextchannel=ca9671ee4a9eb410VgnVCM100000171f5a0aRCRD&vgnextoid=7aee08f9be116810VgnVCM1000001d4a900aRCRD,28045,PLAZA LEGAZPI 8,,2023-02-02,2027-02-04,Matadero Madrid,1
260,Visitas dialogadas. Fuentesal Arenillas e Itziar Okariz «CARRUSEL»,http://www.madrid.es/sites/v/index.jsp?vgnextchannel=ca9671ee4a9eb410VgnVCM100000171f5a0aRCRD&vgnextoid=9b3fba93a70e4910VgnVCM1000001d4a900aRCRD,28015,CALLE CONDE DUQUE 9,,2025-02-28,2025-05-18,Centro de Cultura Contemporánea Conde Duque,1
261,Visitas guiadas a CentroCentro,http://www.madrid.es/sites/v/index.jsp?vgnextchannel=ca9671ee4a9eb410VgnVCM100000171f5a0aRCRD&vgnextoid=a9dbd981f4ab5810VgnVCM1000001d4a900aRCRD,28014,PLAZA CIBELES 1,,2024-04-01,2030-01-01,CentroCentro,1
262,Visitas guiadas a las exposiciones de CentroCentro,http://www.madrid.es/sites/v/index.jsp?vgnextchannel=ca9671ee4a9eb410VgnVCM100000171f5a0aRCRD&vgnextoid=da941a577f8f4910VgnVCM1000001d4a900aRCRD,28014,PLAZA CIBELES 1,,2025-02-11,2025-06-01,CentroCentro,1
263,Visitas guiadas con música en directo,http://www.madrid.es/sites/v/index.jsp?vgnextchannel=ca9671ee4a9eb410VgnVCM100000171f5a0aRCRD&vgnextoid=bf7c23122abc4910VgnVCM1000001d4a900aRCRD,28014,CALLE ALAMEDA 15,,2025-02-08,2025-03-09,Espacio Cultural Serrería Belga,1
264,Wikiesfera &gt; Aprendiendo a editar en Wikipedia,http://www.madrid.es/sites/v/index.jsp?vgnextchannel=ca9671ee4a9eb410VgnVCM100000171f5a0aRCRD&vgnextoid=28be106762794910VgnVCM1000001d4a900aRCRD,28045,PASEO CHOPERA 14,18:00,2025-01-29,2025-03-27,Medialab Matadero,1
265,"Y tú, ¿cómo viajas?",http://www.madrid.es/sites/v/index.jsp?vgnextchannel=ca9671ee4a9eb410VgnVCM100000171f5a0aRCRD&vgnextoid=1647417016603910VgnVCM1000001d4a900aRCRD,28037,CALLE HERMANOS GARCIA NOBLEJAS 14,10:00,2024-12-04,2025-05-28,Biblioteca Pública Municipal Ciudad Lineal (Ciudad Lineal),1
266,Yoga para el buen trato II,http://www.madrid.es/sites/v/index.jsp?vgnextchannel=ca9671ee4a9eb410VgnVCM100000171f5a0aRCRD&vgnextoid=875e1105afad4910VgnVCM2000001f4a900aRCRD,28045,PASEO CHOPERA 10,18:00,2025-02-18,2025-03-11,Espacio de Igualdad Juana Doña. Arganzuela,1
267,'Lina en el mundo de Paul Klee' por Alejandra Bonmatí Arnau,http://www.madrid.es/sites/v/index.jsp?vgnextchannel=ca9671ee4a9eb410VgnVCM100000171f5a0aRCRD&vgnextoid=e478ce5f1ccc4910VgnVCM2000001f4a900aRCRD,28029,AVENIDA MONFORTE DE LEMOS 38,08:30,2025-02-04,2025-03-25,Biblioteca Pública Municipal José Saramago (Fuencarral-El Pardo),1
268,'Refugiados' por Myriam Laguía,http://www.madrid.es/sites/v/index.jsp?vgnextchannel=ca9671ee4a9eb410VgnVCM100000171f5a0aRCRD&vgnextoid=239617d42cad4910VgnVCM1000001d4a900aRCRD,28019,CALLE ISAAC ALBENIZ 1,19:00,2025-02-14,2025-03-13,Biblioteca Pública Municipal Ana María Matute (Carabanchel),1
269,¡Ahora nos toca jugar! Juegos de mesa,http://www.madrid.es/sites/v/index.jsp?vgnextchannel=ca9671ee4a9eb410VgnVCM100000171f5a0aRCRD&vgnextoid=536b470052eb2910VgnVCM2000001f4a900aRCRD,28043,CALLE MATAPOZUELOS 2,11:00,2025-01-03,2025-03-28,Espacio de Igualdad Carme Chacón. Hortaleza,1
